playerID,Full Name,Position,induction_probability,predicted_induction,HOF Percent Chance
hawkila01,LaTroy Hawkins,Pitcher,0.03,0,3.0%
colonba01,Bartolo Colon,Pitcher,0.12,0,12.0%
chenbr01,Bruce Chen,Pitcher,0.0,0,0.0%
burneaj01,A. J. Burnett,Pitcher,0.04,0,4.0%
carlybu01,Buddy Carlyle,Pitcher,0.0,0,0.0%
hudsoti01,Tim Hudson,Pitcher,0.16,0,16.0%
nathajo01,Joe Nathan,Pitcher,0.07,0,7.000000000000001%
wolfra02,Randy Wolf,Pitcher,0.0,0,0.0%
buehrma01,Mark Buehrle,Pitcher,0.09,0,9.0%
choatra01,Randy Choate,Pitcher,0.0,0,0.0%
grillja01,Jason Grilli,Pitcher,0.0,0,0.0%
marquja01,Jason Marquis,Pitcher,0.0,0,0.0%
vogelry01,Ryan Vogelsong,Pitcher,0.0,0,0.0%
zitoba01,Barry Zito,Pitcher,0.0,0,0.0%
balfogr01,Grant Balfour,Pitcher,0.0,0,0.0%
beimejo01,Joe Beimel,Pitcher,0.0,0,0.0%
benoijo01,Joaquin Benoit,Pitcher,0.0,0,0.0%
dickera01,R. A. Dickey,Pitcher,0.0,0,0.0%
lohseky01,Kyle Lohse,Pitcher,0.0,0,0.0%
sabatcc01,CC Sabathia,Pitcher,0.15,0,15.0%
affelje01,Jeremy Affeldt,Pitcher,0.0,0,0.0%
haranaa01,Aaron Harang,Pitcher,0.0,0,0.0%
lackejo01,John Lackey,Pitcher,0.01,0,1.0%
lewisco01,Colby Lewis,Pitcher,0.0,0,0.0%
peavyja01,Jake Peavy,Pitcher,0.0,0,0.0%
perezol01,Oliver Perez,Pitcher,0.0,0,0.0%
rodnefe01,Fernando Rodney,Pitcher,0.01,0,1.0%
rodrifr03,Francisco Rodriguez,Pitcher,0.09,0,9.0%
soriara01,Rafael Soriano,Pitcher,0.0,0,0.0%
belisma01,Matt Belisle,Pitcher,0.0,0,0.0%
betanra01,Rafael Betancourt,Pitcher,0.01,0,1.0%
capuach01,Chris Capuano,Pitcher,0.0,0,0.0%
correke01,Kevin Correia,Pitcher,0.0,0,0.0%
cottsne01,Neal Cotts,Pitcher,0.0,0,0.0%
greggke01,Kevin Gregg,Pitcher,0.0,0,0.0%
harenda01,Dan Haren,Pitcher,0.01,0,1.0%
jacksed01,Edwin Jackson,Pitcher,0.0,0,0.0%
lopezja02,Javier Lopez,Pitcher,0.0,0,0.0%
madsory01,Ryan Madson,Pitcher,0.0,0,0.0%
tsaoch01,Chin-hui Tsao,Pitcher,0.0,0,0.0%
willije02,Jerome Williams,Pitcher,0.0,0,0.0%
aardsda01,David Aardsma,Pitcher,0.0,0,0.0%
atchisc01,Scott Atchison,Pitcher,0.0,0,0.0%
blantjo01,Joe Blanton,Pitcher,0.0,0,0.0%
delarjo01,Jorge De La Rosa,Pitcher,0.0,0,0.0%
floydga01,Gavin Floyd,Pitcher,0.0,0,0.0%
francje01,Jeff Francis,Pitcher,0.0,0,0.0%
frasoja01,Jason Frasor,Pitcher,0.0,0,0.0%
garcija01,Santiago Casilla,Pitcher,0.0,0,0.0%
greinza01,Zack Greinke,Pitcher,0.0,0,0.0%
guthrje01,Jeremy Guthrie,Pitcher,0.0,0,0.0%
kazmisc01,Scott Kazmir,Pitcher,0.01,0,1.0%
kensilo01,Logan Kensing,Pitcher,0.0,0,0.0%
quallch01,Chad Qualls,Pitcher,0.0,0,0.0%
thornma01,Matt Thornton,Pitcher,0.0,0,0.0%
youngch03,Chris Young,Pitcher,0.0,0,0.0%
bakersc02,Scott Baker,Pitcher,0.0,0,0.0%
boyerbl01,Blaine Boyer,Pitcher,0.0,0,0.0%
breslcr01,Craig Breslow,Pitcher,0.0,0,0.0%
broxtjo01,Jonathan Broxton,Pitcher,0.0,0,0.0%
cainma01,Matt Cain,Pitcher,0.01,0,1.0%
davieky01,Kyle Davies,Pitcher,0.01,0,1.0%
dukeza01,Zach Duke,Pitcher,0.0,0,0.0%
evelada01,Dana Eveland,Pitcher,0.0,0,0.0%
feldmsc01,Scott Feldman,Pitcher,0.0,0,0.0%
gorzeto01,Tom Gorzelanny,Pitcher,0.0,0,0.0%
hernafe02,Felix Hernandez,Pitcher,0.08,0,8.0%
hillri01,Rich Hill,Pitcher,0.0,0,0.0%
howeljp01,J. P. Howell,Pitcher,0.0,0,0.0%
liriafr01,Francisco Liriano,Pitcher,0.0,0,0.0%
marcush01,Shaun Marcum,Pitcher,0.0,0,0.0%
mccarbr01,Brandon McCarthy,Pitcher,0.0,0,0.0%
mcgowdu01,Dustin McGowan,Pitcher,0.0,0,0.0%
papeljo01,Jonathan Papelbon,Pitcher,0.08,0,8.0%
peraljo01,Joel Peralta,Pitcher,0.0,0,0.0%
rodriwa01,Wandy Rodriguez,Pitcher,0.0,0,0.0%
santaer01,Ervin Santana,Pitcher,0.01,0,1.0%
staufti01,Tim Stauffer,Pitcher,0.0,0,0.0%
streehu01,Huston Street,Pitcher,0.06,0,6.0%
vargaja01,Jason Vargas,Pitcher,0.0,0,0.0%
verlaju01,Justin Verlander,Pitcher,0.0,0,0.0%
volqued01,Edinson Volquez,Pitcher,0.0,0,0.0%
wainwad01,Adam Wainwright,Pitcher,0.0,0,0.0%
wilsocj01,C. J. Wilson,Pitcher,0.0,0,0.0%
alberma01,Matt Albers,Pitcher,0.0,0,0.0%
billich01,Chad Billingsley,Pitcher,0.0,0,0.0%
carmofa01,Roberto Hernandez,Pitcher,0.0,0,0.0%
garzama01,Matt Garza,Pitcher,0.0,0,0.0%
hamelco01,Cole Hamels,Pitcher,0.03,0,3.0%
hammeja01,Jason Hammel,Pitcher,0.0,0,0.0%
janssca01,Casey Janssen,Pitcher,0.0,0,0.0%
jimence01,Cesar Jimenez,Pitcher,0.0,0,0.0%
jimenub01,Ubaldo Jimenez,Pitcher,0.0,0,0.0%
johnsji04,Jim Johnson,Pitcher,0.0,0,0.0%
lestejo01,Jon Lester,Pitcher,0.01,0,1.0%
loewead01,Adam Loewen,Pitcher,0.0,0,0.0%
loganbo02,Boone Logan,Pitcher,0.0,0,0.0%
lowema01,Mark Lowe,Pitcher,0.0,0,0.0%
masseni01,Nick Masset,Pitcher,0.0,0,0.0%
millean01,Andrew Miller,Pitcher,0.0,0,0.0%
moylape01,Peter Moylan,Pitcher,0.0,0,0.0%
mujiced01,Edward Mujica,Pitcher,0.01,0,1.0%
narvech01,Chris Narveson,Pitcher,0.0,0,0.0%
neshepa01,Pat Neshek,Pitcher,0.0,0,0.0%
nolasri01,Ricky Nolasco,Pitcher,0.0,0,0.0%
oflaher01,Eric O'Flaherty,Pitcher,0.0,0,0.0%
pelfrmi01,Mike Pelfrey,Pitcher,0.0,0,0.0%
perkigl01,Glen Perkins,Pitcher,0.0,0,0.0%
petityu01,Yusmeiro Petit,Pitcher,0.0,0,0.0%
sanchan01,Anibal Sanchez,Pitcher,0.0,0,0.0%
shielja02,James Shields,Pitcher,0.04,0,4.0%
stulter01,Eric Stults,Pitcher,0.0,0,0.0%
villaca01,Carlos Villanueva,Pitcher,0.01,0,1.0%
weaveje02,Jered Weaver,Pitcher,0.01,0,1.0%
baileho02,Homer Bailey,Pitcher,0.0,0,0.0%
blevije01,Jerry Blevins,Pitcher,0.0,0,0.0%
buchhcl01,Clay Buchholz,Pitcher,0.0,0,0.0%
chambjo03,Joba Chamberlain,Pitcher,0.0,0,0.0%
clippty01,Tyler Clippard,Pitcher,0.0,0,0.0%
danksjo01,John Danks,Pitcher,0.0,0,0.0%
detwiro01,Ross Detwiler,Pitcher,0.0,0,0.0%
gallayo01,Yovani Gallardo,Pitcher,0.0,0,0.0%
happja01,J. A. Happ,Pitcher,0.0,0,0.0%
hochelu01,Luke Hochevar,Pitcher,0.0,0,0.0%
hugheph01,Phil Hughes,Pitcher,0.0,0,0.0%
kendrky01,Kyle Kendrick,Pitcher,0.0,0,0.0%
kenneia01,Ian Kennedy,Pitcher,0.0,0,0.0%
laffeaa01,Aaron Laffey,Pitcher,0.0,0,0.0%
linceti01,Tim Lincecum,Pitcher,0.05,0,5.0%
lizra01,Radhames Liz,Pitcher,0.0,0,0.0%
moralfr01,Franklin Morales,Pitcher,0.0,0,0.0%
morrobr01,Brandon Morrow,Pitcher,0.0,0,0.0%
ohlenro01,Ross Ohlendorf,Pitcher,0.0,0,0.0%
parrama01,Manny Parra,Pitcher,0.0,0,0.0%
reyesjo03,Jo-Jo Reyes,Pitcher,0.0,0,0.0%
smithjo05,Joe Smith,Pitcher,0.0,0,0.0%
soriajo01,Joakim Soria,Pitcher,0.0,0,0.0%
thatcjo01,Joe Thatcher,Pitcher,0.0,0,0.0%
wilsojo03,Josh Wilson,Pitcher,0.0,0,0.0%
badenbu01,Burke Badenhop,Pitcher,0.0,0,0.0%
balesco01,Collin Balester,Pitcher,0.0,0,0.0%
chaveje01,Jesse Chavez,Pitcher,0.0,0,0.0%
cokeph01,Phil Coke,Pitcher,0.0,0,0.0%
cuetojo01,Johnny Cueto,Pitcher,0.0,0,0.0%
estrama01,Marco Estrada,Pitcher,0.0,0,0.0%
garcija02,Jaime Garcia,Pitcher,0.0,0,0.0%
gonzagi01,Gio Gonzalez,Pitcher,0.0,0,0.0%
harrima01,Matt Harrison,Pitcher,0.0,0,0.0%
hunteto02,Tommy Hunter,Pitcher,0.0,0,0.0%
jepseke01,Kevin Jepsen,Pitcher,0.0,0,0.0%
kershcl01,Clayton Kershaw,Pitcher,0.06,0,6.0%
masteju01,Justin Masterson,Pitcher,0.0,0,0.0%
mortoch02,Charlie Morton,Pitcher,0.0,0,0.0%
motteja01,Jason Motte,Pitcher,0.0,0,0.0%
niesejo01,Jonathon Niese,Pitcher,0.0,0,0.0%
odayda01,Darren O'Day,Pitcher,0.0,0,0.0%
parnebo01,Bobby Parnell,Pitcher,0.0,0,0.0%
priceda01,David Price,Pitcher,0.01,0,1.0%
richacl01,Clayton Richard,Pitcher,0.0,0,0.0%
roberda08,David Robertson,Pitcher,0.0,0,0.0%
romose01,Sergio Romo,Pitcher,0.0,0,0.0%
samarje01,Jeff Samardzija,Pitcher,0.0,0,0.0%
scherma01,Max Scherzer,Pitcher,0.05,0,5.0%
simonal01,Alfredo Simon,Pitcher,0.0,0,0.0%
volstch01,Chris Volstad,Pitcher,0.0,0,0.0%
wrighwe01,Wesley Wright,Pitcher,0.0,0,0.0%
zieglbr01,Brad Ziegler,Pitcher,0.0,0,0.0%
anderbr04,Brett Anderson,Pitcher,0.0,0,0.0%
axforjo01,John Axford,Pitcher,0.0,0,0.0%
bailean01,Andrew Bailey,Pitcher,0.0,0,0.0%
bastaan01,Antonio Bastardo,Pitcher,0.0,0,0.0%
belisro01,Ronald Belisario,Pitcher,0.0,0,0.0%
bumgama01,Madison Bumgarner,Pitcher,0.0,0,0.0%
cahiltr01,Trevor Cahill,Pitcher,0.0,0,0.0%
carraca01,Carlos Carrasco,Pitcher,0.0,0,0.0%
cecilbr01,Brett Cecil,Pitcher,0.0,0,0.0%
chacijh01,Jhoulys Chacin,Pitcher,0.0,0,0.0%
daviswa01,Wade Davis,Pitcher,0.0,0,0.0%
duensbr01,Brian Duensing,Pitcher,0.0,0,0.0%
dunnmi01,Mike Dunn,Pitcher,0.0,0,0.0%
felizne01,Neftali Feliz,Pitcher,0.0,0,0.0%
fienca01,Casey Fien,Pitcher,0.0,0,0.0%
fistedo01,Doug Fister,Pitcher,0.01,0,1.0%
frierer01,Ernesto Frieri,Pitcher,0.0,0,0.0%
gregelu01,Luke Gregerson,Pitcher,0.0,0,0.0%
hernada01,David Hernandez,Pitcher,0.0,0,0.0%
hollade01,Derek Holland,Pitcher,0.01,0,1.0%
hudsoda01,Daniel Hudson,Pitcher,0.0,0,0.0%
huffda01,David Huff,Pitcher,0.0,0,0.0%
janispa01,Paul Janish,Pitcher,0.0,0,0.0%
kellesh01,Shawn Kelley,Pitcher,0.0,0,0.0%
latosma01,Mat Latos,Pitcher,0.0,0,0.0%
manshje01,Jeff Manship,Pitcher,0.0,0,0.0%
matusbr01,Brian Matusz,Pitcher,0.0,0,0.0%
mazzavi01,Vin Mazzaro,Pitcher,0.0,0,0.0%
medlekr01,Kris Medlen,Pitcher,0.0,0,0.0%
melanma01,Mark Melancon,Pitcher,0.0,0,0.0%
millsbr02,Brad Mills,Pitcher,0.0,0,0.0%
norribu01,Bud Norris,Pitcher,0.0,0,0.0%
osullse01,Sean O'Sullivan,Pitcher,0.0,0,0.0%
porceri01,Rick Porcello,Pitcher,0.0,0,0.0%
ramosce01,Cesar Ramos,Pitcher,0.0,0,0.0%
rodrife02,Fernando Rodriguez,Pitcher,0.0,0,0.0%
rogeres01,Esmil Rogers,Pitcher,0.0,0,0.0%
rossco01,Cody Ross,Pitcher,0.01,0,1.0%
rzepcma01,Marc Rzepczynski,Pitcher,0.0,0,0.0%
sippto01,Tony Sipp,Pitcher,0.0,0,0.0%
stammcr01,Craig Stammen,Pitcher,0.0,0,0.0%
stroppe01,Pedro Strop,Pitcher,0.0,0,0.0%
swarzan01,Anthony Swarzak,Pitcher,0.0,0,0.0%
swishni01,Nick Swisher,Pitcher,0.01,0,1.0%
tazawju01,Junichi Tazawa,Pitcher,0.0,0,0.0%
thayeda01,Dale Thayer,Pitcher,0.0,0,0.0%
tillmch01,Chris Tillman,Pitcher,0.0,0,0.0%
torreca01,Carlos Torres,Pitcher,0.0,0,0.0%
ueharko01,Koji Uehara,Pitcher,0.02,0,2.0%
vealdo01,Donnie Veal,Pitcher,0.0,0,0.0%
webbry01,Ryan Webb,Pitcher,0.0,0,0.0%
zimmejo02,Jordan Zimmermann,Pitcher,0.0,0,0.0%
abadfe01,Fernando Abad,Pitcher,0.0,0,0.0%
arrieja01,Jake Arrieta,Pitcher,0.0,0,0.0%
beachbr01,Brandon Beachy,Pitcher,0.0,0,0.0%
cashnan01,Andrew Cashner,Pitcher,0.0,0,0.0%
chapmar01,Aroldis Chapman,Pitcher,0.04,0,4.0%
cishest01,Steve Cishek,Pitcher,0.0,0,0.0%
dedunsa01,Sam Deduno,Pitcher,0.0,0,0.0%
doubrfe01,Felix Doubront,Pitcher,0.0,0,0.0%
drabeky01,Kyle Drabek,Pitcher,0.0,0,0.0%
geedi01,Dillon Gee,Pitcher,0.0,0,0.0%
gomezje01,Jeanmar Gomez,Pitcher,0.0,0,0.0%
hellije01,Jeremy Hellickson,Pitcher,0.0,0,0.0%
hollagr01,Greg Holland,Pitcher,0.02,0,2.0%
janseke01,Kenley Jansen,Pitcher,0.0,0,0.0%
jeffrje01,Jeremy Jeffress,Pitcher,0.0,0,0.0%
kimbrcr01,Craig Kimbrel,Pitcher,0.05,0,5.0%
kintzbr01,Brandon Kintzler,Pitcher,0.0,0,0.0%
kohnmi01,Michael Kohn,Pitcher,0.0,0,0.0%
leakemi01,Mike Leake,Pitcher,0.0,0,0.0%
lecursa01,Sam LeCure,Pitcher,0.0,0,0.0%
mateoma01,Marcos Mateo,Pitcher,0.0,0,0.0%
mcgeeja01,Jake McGee,Pitcher,0.0,0,0.0%
mejiaje01,Jenrry Mejia,Pitcher,0.0,0,0.0%
novaiv01,Ivan Nova,Pitcher,0.0,0,0.0%
ogandal01,Alexi Ogando,Pitcher,0.0,0,0.0%
ottavad01,Adam Ottavino,Pitcher,0.0,0,0.0%
pestavi01,Vinnie Pestano,Pitcher,0.0,0,0.0%
reynoma02,Matt Reynolds,Pitcher,0.0,0,0.0%
rossty01,Tyson Ross,Pitcher,0.0,0,0.0%
russeja02,James Russell,Pitcher,0.0,0,0.0%
salasfe01,Fernando Salas,Pitcher,0.0,0,0.0%
salech01,Chris Sale,Pitcher,0.0,0,0.0%
santose01,Sergio Santos,Pitcher,0.0,0,0.0%
schlibr01,Brian Schlitter,Pitcher,0.0,0,0.0%
storedr01,Drew Storen,Pitcher,0.0,0,0.0%
strasst01,Stephen Strasburg,Pitcher,0.0,0,0.0%
tomlijo01,Josh Tomlin,Pitcher,0.0,0,0.0%
varvaan01,Anthony Varvaro,Pitcher,0.0,0,0.0%
waldejo01,Jordan Walden,Pitcher,0.01,0,1.0%
woodtr01,Travis Wood,Pitcher,0.0,0,0.0%
worleva01,Vance Worley,Pitcher,0.0,0,0.0%
adcocna01,Nathan Adcock,Pitcher,0.0,0,0.0%
albural01,Al Alburquerque,Pitcher,0.0,0,0.0%
alvarhe01,Henderson Alvarez,Pitcher,0.0,0,0.0%
axelrdy01,Dylan Axelrod,Pitcher,0.0,0,0.0%
bassan01,Anthony Bass,Pitcher,0.0,0,0.0%
betande01,Dellin Betances,Pitcher,0.01,0,1.0%
brachbr01,Brad Brach,Pitcher,0.0,0,0.0%
brittza01,Zach Britton,Pitcher,0.0,0,0.0%
brothre01,Rex Brothers,Pitcher,0.0,0,0.0%
carpeda01,David Carpenter,Pitcher,0.0,0,0.0%
cedenxa01,Xavier Cedeno,Pitcher,0.0,0,0.0%
colemlo01,Louis Coleman,Pitcher,0.0,0,0.0%
collmjo01,Josh Collmenter,Pitcher,0.0,0,0.0%
cookry01,Ryan Cook,Pitcher,0.0,0,0.0%
cuddymi01,Michael Cuddyer,Pitcher,0.02,0,2.0%
defraju01,Justin De Fratus,Pitcher,0.0,0,0.0%
delabst01,Steve Delabar,Pitcher,0.0,0,0.0%
delarru01,Rubby De La Rosa,Pitcher,0.0,0,0.0%
delgara01,Randall Delgado,Pitcher,0.0,0,0.0%
duffyda01,Danny Duffy,Pitcher,0.02,0,2.0%
eovalna01,Nathan Eovaldi,Pitcher,0.0,0,0.0%
farquda01,Danny Farquhar,Pitcher,0.0,0,0.0%
fiersmi01,Mike Fiers,Pitcher,0.0,0,0.0%
furbuch01,Charlie Furbush,Pitcher,0.0,0,0.0%
gearrco01,Cory Gearrin,Pitcher,0.0,0,0.0%
gomesbr01,Brandon Gomes,Pitcher,0.0,0,0.0%
guerrja01,Javy Guerra,Pitcher,0.0,0,0.0%
hagadni01,Nick Hagadone,Pitcher,0.0,0,0.0%
handbr01,Brad Hand,Pitcher,0.0,0,0.0%
hatchch02,Chris Hatcher,Pitcher,0.0,0,0.0%
hendrli01,Liam Hendriks,Pitcher,0.0,0,0.0%
herreke01,Kelvin Herrera,Pitcher,0.0,0,0.0%
hugheja02,Jared Hughes,Pitcher,0.0,0,0.0%
kellydo01,Don Kelly,Pitcher,0.02,0,2.0%
klubeco01,Corey Kluber,Pitcher,0.0,0,0.0%
kontoge01,George Kontos,Pitcher,0.0,0,0.0%
lockeje01,Jeff Locke,Pitcher,0.0,0,0.0%
lylesjo01,Jordan Lyles,Pitcher,0.0,0,0.0%
lynnla01,Lance Lynn,Pitcher,0.0,0,0.0%
matthry01,Ryan Mattheus,Pitcher,0.0,0,0.0%
mcallza01,Zach McAllister,Pitcher,0.0,0,0.0%
mileywa01,Wade Miley,Pitcher,0.0,0,0.0%
milonto01,Tommy Milone,Pitcher,0.01,0,1.0%
moorema02,Matt Moore,Pitcher,0.0,0,0.0%
nicasju01,Juan Nicasio,Pitcher,0.0,0,0.0%
noesihe01,Hector Noesi,Pitcher,0.0,0,0.0%
peacobr01,Brad Peacock,Pitcher,0.0,0,0.0%
pinedmi01,Michael Pineda,Pitcher,0.0,0,0.0%
pomerdr01,Drew Pomeranz,Pitcher,0.0,0,0.0%
putnaza01,Zach Putnam,Pitcher,0.0,0,0.0%
reedad01,Addison Reed,Pitcher,0.0,0,0.0%
richaga01,Garrett Richards,Pitcher,0.0,0,0.0%
santihe01,Hector Santiago,Pitcher,0.0,0,0.0%
schumsk01,Skip Schumaker,Pitcher,0.03,0,3.0%
scribev01,Evan Scribner,Pitcher,0.0,0,0.0%
shawbr01,Bryan Shaw,Pitcher,0.0,0,0.0%
surkaer01,Eric Surkamp,Pitcher,0.0,0,0.0%
teafoev01,Everett Teaford,Pitcher,0.0,0,0.0%
teherju01,Julio Teheran,Pitcher,0.0,0,0.0%
thompaa01,Aaron Thompson,Pitcher,0.0,0,0.0%
torreal01,Alex Torres,Pitcher,0.01,0,1.0%
vizcaar01,Arodys Vizcaino,Pitcher,0.02,0,2.0%
watsoto01,Tony Watson,Pitcher,0.0,0,0.0%
wilheto01,Tom Wilhelmsen,Pitcher,0.0,0,0.0%
wilkad01,Adam Wilk,Pitcher,0.0,0,0.0%
allenco01,Cody Allen,Pitcher,0.0,0,0.0%
archech01,Chris Archer,Pitcher,0.0,0,0.0%
aumonph01,Phillippe Aumont,Pitcher,0.0,0,0.0%
avilalu01,Luis Avilan,Pitcher,0.0,0,0.0%
bauertr01,Trevor Bauer,Pitcher,0.0,0,0.0%
belivje01,Jeff Beliveau,Pitcher,0.0,0,0.0%
bogusbr01,Brian Bogusevic,Pitcher,0.01,0,1.0%
boxbebr01,Brad Boxberger,Pitcher,0.0,0,0.0%
buterdr01,Drew Butera,Pitcher,0.0,0,0.0%
cappsca01,Carter Capps,Pitcher,0.0,0,0.0%
carpeda02,David Carpenter,Pitcher,0.0,0,0.0%
chenwe02,Wei-Yin Chen,Pitcher,0.0,0,0.0%
cingrto01,Tony Cingrani,Pitcher,0.0,0,0.0%
corbipa01,Patrick Corbin,Pitcher,0.0,0,0.0%
davisch02,Chris Davis,Pitcher,0.05,0,5.0%
diekmja01,Jake Diekman,Pitcher,0.0,0,0.0%
doolise01,Sean Doolittle,Pitcher,0.0,0,0.0%
dysonsa01,Sam Dyson,Pitcher,0.0,0,0.0%
familje01,Jeurys Familia,Pitcher,0.0,0,0.0%
freemsa01,Sam Freeman,Pitcher,0.0,0,0.0%
friedch01,Christian Friedrich,Pitcher,0.0,0,0.0%
geltzst01,Steve Geltz,Pitcher,0.01,0,1.0%
gentrcr01,Craig Gentry,Pitcher,0.0,0,0.0%
gonzami03,Miguel Gonzalez,Pitcher,0.0,0,0.0%
grimmju01,Justin Grimm,Pitcher,0.0,0,0.0%
harriwi02,Will Harris,Pitcher,0.0,0,0.0%
harvema01,Matt Harvey,Pitcher,0.0,0,0.0%
hoovejj01,J. J. Hoover,Pitcher,0.0,0,0.0%
hutchdr01,Drew Hutchison,Pitcher,0.0,0,0.0%
iwakuhi01,Hisashi Iwakuma,Pitcher,0.0,0,0.0%
jenkich01,Chad Jenkins,Pitcher,0.0,0,0.0%
jennida01,Dan Jennings,Pitcher,0.0,0,0.0%
johnsst02,Steve Johnson,Pitcher,0.0,0,0.0%
jonesna01,Nate Jones,Pitcher,0.0,0,0.0%
kellyca01,Casey Kelly,Pitcher,0.0,0,0.0%
kellyjo05,Joe Kelly,Pitcher,0.0,0,0.0%
keuchda01,Dallas Keuchel,Pitcher,0.0,0,0.0%
koehlto01,Tom Koehler,Pitcher,0.0,0,0.0%
layneto01,Tommy Layne,Pitcher,0.0,0,0.0%
loupaa01,Aaron Loup,Pitcher,0.0,0,0.0%
luetglu01,Lucas Luetge,Pitcher,0.0,0,0.0%
machije01,Jean Machi,Pitcher,0.0,0,0.0%
mathije01,Jeff Mathis,Pitcher,0.0,0,0.0%
mchugco01,Collin McHugh,Pitcher,0.0,0,0.0%
millesh01,Shelby Miller,Pitcher,0.0,0,0.0%
morribr01,Bryan Morris,Pitcher,0.0,0,0.0%
odorija01,Jake Odorizzi,Pitcher,0.0,0,0.0%
oteroda01,Dan Otero,Pitcher,0.0,0,0.0%
peralwi01,Wily Peralta,Pitcher,0.0,0,0.0%
perezma02,Martin Perez,Pitcher,0.0,0,0.0%
phelpda01,David Phelps,Pitcher,0.0,0,0.0%
quintjo01,Jose Quintana,Pitcher,0.0,0,0.0%
ramirer02,Erasmo Ramirez,Pitcher,0.0,0,0.0%
ramosaj01,A. J. Ramos,Pitcher,0.0,0,0.0%
redmoto01,Todd Redmond,Pitcher,0.0,0,0.0%
rodrist02,Paco Rodriguez,Pitcher,0.0,0,0.0%
rosentr01,Trevor Rosenthal,Pitcher,0.0,0,0.0%
rossro01,Robbie Ross,Pitcher,0.0,0,0.0%
rusinch01,Chris Rusin,Pitcher,0.0,0,0.0%
scahiro01,Rob Scahill,Pitcher,0.0,0,0.0%
schepta01,Tanner Scheppers,Pitcher,0.0,0,0.0%
smithwi04,Will Smith,Pitcher,0.0,0,0.0%
smylydr01,Drew Smyly,Pitcher,0.0,0,0.0%
socolmi01,Miguel Socolovich,Pitcher,0.0,0,0.0%
straida01,Dan Straily,Pitcher,0.0,0,0.0%
thornty01,Tyler Thornburg,Pitcher,0.0,0,0.0%
tollesh01,Shawn Tolleson,Pitcher,0.0,0,0.0%
villape01,Pedro Villarreal,Pitcher,0.0,0,0.0%
vinceni01,Nick Vincent,Pitcher,0.0,0,0.0%
warread01,Adam Warren,Pitcher,0.0,0,0.0%
wielajo01,Joe Wieland,Pitcher,0.0,0,0.0%
wilsoju10,Justin Wilson,Pitcher,0.0,0,0.0%
alberan01,Andrew Albers,Pitcher,0.0,0,0.0%
alvarjo02,Jose Alvarez,Pitcher,0.0,0,0.0%
bettich01,Chad Bettis,Pitcher,0.0,0,0.0%
blazemi01,Michael Blazek,Pitcher,0.0,0,0.0%
cabrace01,Cesar Cabral,Pitcher,0.0,0,0.0%
caminar01,Arquimedes Caminero,Pitcher,0.0,0,0.0%
castrsi01,Simon Castro,Pitcher,0.0,0,0.0%
chapmke02,Kevin Chapman,Pitcher,0.0,0,0.0%
colege01,Gerrit Cole,Pitcher,0.02,0,2.0%
colomal01,Alex Colome,Pitcher,0.0,0,0.0%
cosarja01,Jarred Cosart,Pitcher,0.0,0,0.0%
dominjo01,Jose Dominguez,Pitcher,0.0,0,0.0%
elmorja01,Jake Elmore,Pitcher,0.0,0,0.0%
erlinro01,Robbie Erlin,Pitcher,0.0,0,0.0%
fernajo02,Jose Fernandez,Pitcher,0.0,0,0.0%
fieldjo03,Josh Fields,Pitcher,0.0,0,0.0%
fujikky01,Kyuji Fujikawa,Pitcher,0.0,0,0.0%
fuldsa01,Sam Fuld,Pitcher,0.01,0,1.0%
garcilu03,Luis Garcia,Pitcher,0.0,0,0.0%
gausmke01,Kevin Gausman,Pitcher,0.0,0,0.0%
germego01,Gonzalez Germen,Pitcher,0.0,0,0.0%
gibsoky01,Kyle Gibson,Pitcher,0.0,0,0.0%
grayso01,Sonny Gray,Pitcher,0.01,0,1.0%
guilmpr01,Preston Guilmet,Pitcher,0.0,0,0.0%
haleda02,David Hale,Pitcher,0.0,0,0.0%
handdo01,Donovan Hand,Pitcher,0.0,0,0.0%
harrijo05,Josh Harrison,Pitcher,0.0,0,0.0%
hembrhe01,Heath Hembree,Pitcher,0.0,0,0.0%
holmbda01,David Holmberg,Pitcher,0.0,0,0.0%
hynesco01,Colt Hynes,Pitcher,0.0,0,0.0%
johnser04,Erik Johnson,Pitcher,0.0,0,0.0%
jordata01,Taylor Jordan,Pitcher,0.0,0,0.0%
karnsna01,Nate Karns,Pitcher,0.0,0,0.0%
krolia01,Ian Krol,Pitcher,0.0,0,0.0%
lafrobo01,Bobby LaFromboise,Pitcher,0.0,0,0.0%
leech01,C. C. Lee,Pitcher,0.0,0,0.0%
lyonsty01,Tyler Lyons,Pitcher,0.0,0,0.0%
manesse01,Seth Maness,Pitcher,0.0,0,0.0%
martica04,Carlos Martinez,Pitcher,0.0,0,0.0%
maurebr01,Brandon Maurer,Pitcher,0.0,0,0.0%
mcfartj01,T. J. McFarland,Pitcher,0.0,0,0.0%
medinyo01,Yoervis Medina,Pitcher,0.0,0,0.0%
murphda07,David Murphy,Pitcher,0.0,0,0.0%
nelsoji02,Jimmy Nelson,Pitcher,0.0,0,0.0%
nolinse01,Sean Nolin,Pitcher,0.0,0,0.0%
nunovi01,Vidal Nuno,Pitcher,0.0,0,0.0%
oberhbr01,Brett Oberholtzer,Pitcher,0.0,0,0.0%
olmosed01,Edgar Olmos,Pitcher,0.0,0,0.0%
paxtoja01,James Paxton,Pitcher,0.0,0,0.0%
petrija01,Jake Petricka,Pitcher,0.0,0,0.0%
pimenst01,Stolmy Pimentel,Pitcher,0.0,0,0.0%
pressry01,Ryan Pressly,Pitcher,0.0,0,0.0%
raburry01,Ryan Raburn,Pitcher,0.0,0,0.0%
ramirjc01,J. C. Ramirez,Pitcher,0.0,0,0.0%
rasmuco02,Cory Rasmus,Pitcher,0.0,0,0.0%
reckean01,Anthony Recker,Pitcher,0.0,0,0.0%
rienzan01,Andre Rienzo,Pitcher,0.0,0,0.0%
roarkta01,Tanner Roark,Pitcher,0.0,0,0.0%
roech01,Chaz Roe,Pitcher,0.0,0,0.0%
romeren01,Enny Romero,Pitcher,0.0,0,0.0%
rondobr01,Bruce Rondon,Pitcher,0.0,0,0.0%
rondohe01,Hector Rondon,Pitcher,0.02,0,2.0%
rosscza01,Zac Rosscup,Pitcher,0.0,0,0.0%
salazda01,Danny Salazar,Pitcher,0.0,0,0.0%
shoemma01,Matt Shoemaker,Pitcher,0.0,0,0.0%
siegrke01,Kevin Siegrist,Pitcher,0.0,0,0.0%
thielca01,Caleb Thielbar,Pitcher,0.0,0,0.0%
tonkimi01,Michael Tonkin,Pitcher,0.0,0,0.0%
ventuyo01,Yordano Ventura,Pitcher,0.0,0,0.0%
wachami01,Michael Wacha,Pitcher,0.0,0,0.0%
walketa01,Taijuan Walker,Pitcher,0.0,0,0.0%
webbda01,Daniel Webb,Pitcher,0.0,0,0.0%
webstal01,Allen Webster,Pitcher,0.0,0,0.0%
wilsoal01,Alex Wilson,Pitcher,0.0,0,0.0%
woodal02,Alex Wood,Pitcher,0.0,0,0.0%
wootero01,Rob Wooten,Pitcher,0.0,0,0.0%
wrighst01,Steven Wright,Pitcher,0.0,0,0.0%
achteaj01,A. J. Achter,Pitcher,0.0,0,0.0%
adamsau01,Austin Adams,Pitcher,0.0,0,0.0%
alvarda01,Dario Alvarez,Pitcher,0.01,0,1.0%
alvarrj01,R. J. Alvarez,Pitcher,0.03,0,3.0%
anderch01,Chase Anderson,Pitcher,0.0,0,0.0%
annade01,Dean Anna,Pitcher,0.0,0,0.0%
arencjp01,J. P. Arencibia,Pitcher,0.0,0,0.0%
baezpe01,Pedro Baez,Pitcher,0.0,0,0.0%
barnema01,Matt Barnes,Pitcher,0.0,0,0.0%
barreaa01,Aaron Barrett,Pitcher,0.0,0,0.0%
bassich01,Chris Bassitt,Pitcher,0.01,0,1.0%
bedroca01,Cam Bedrosian,Pitcher,0.0,0,0.0%
beeleda01,Dallas Beeler,Pitcher,0.0,0,0.0%
bergmch01,Christian Bergman,Pitcher,0.0,0,0.0%
bochybr02,Brett Bochy,Pitcher,0.0,0,0.0%
bolsimi01,Mike Bolsinger,Pitcher,0.0,0,0.0%
brookaa01,Aaron Brooks,Pitcher,0.0,0,0.0%
brownbr02,Brooks Brown,Pitcher,0.0,0,0.0%
buchada01,David Buchanan,Pitcher,0.0,0,0.0%
buchaja01,Jake Buchanan,Pitcher,0.0,0,0.0%
butleed01,Eddie Butler,Pitcher,0.0,0,0.0%
campole01,Leonel Campos,Pitcher,0.0,0,0.0%
carrosc02,Scott Carroll,Pitcher,0.0,0,0.0%
chafian01,Andrew Chafin,Pitcher,0.0,0,0.0%
claudal01,Alex Claudio,Pitcher,0.0,0,0.0%
contrca01,Carlos Contreras,Pitcher,0.0,0,0.0%
cordier01,Erik Cordier,Pitcher,0.0,0,0.0%
couloda01,Daniel Coulombe,Pitcher,0.0,0,0.0%
crockky01,Kyle Crockett,Pitcher,0.0,0,0.0%
degroja01,Jacob deGrom,Pitcher,0.0,0,0.0%
descada01,Daniel Descalso,Pitcher,0.0,0,0.0%
desclan01,Anthony DeSclafani,Pitcher,0.0,0,0.0%
despaod01,Odrisamer Despaigne,Pitcher,0.0,0,0.0%
diazja01,Jairo Diaz,Pitcher,0.01,0,1.0%
diazju03,Jumbo Diaz,Pitcher,0.0,0,0.0%
edwarjo02,Jon Edwards,Pitcher,0.0,0,0.0%
eliasro01,Roenis Elias,Pitcher,0.0,0,0.0%
farmebu01,Buck Farmer,Pitcher,0.0,0,0.0%
finnebr01,Brandon Finnegan,Pitcher,0.01,0,1.0%
flandyo01,Yohan Flande,Pitcher,0.0,0,0.0%
foltymi01,Mike Foltynewicz,Pitcher,0.0,0,0.0%
friasca01,Carlos Frias,Pitcher,0.0,0,0.0%
garcefr01,Frank Garces,Pitcher,0.0,0,0.0%
garcile02,Leury Garcia,Pitcher,0.0,0,0.0%
garciyi01,Yimi Garcia,Pitcher,0.0,0,0.0%
gileske01,Ken Giles,Pitcher,0.01,0,1.0%
gimench01,Chris Gimenez,Pitcher,0.0,0,0.0%
goedder01,Erik Goeddel,Pitcher,0.0,0,0.0%
gonzama02,Marco Gonzales,Pitcher,0.0,0,0.0%
graveke01,Kendall Graveman,Pitcher,0.01,0,1.0%
greenni02,Nick Greenwood,Pitcher,0.0,0,0.0%
greensh02,Shane Greene,Pitcher,0.0,0,0.0%
hahnje01,Jesse Hahn,Pitcher,0.0,0,0.0%
hardybl01,Blaine Hardy,Pitcher,0.0,0,0.0%
heanean01,Andrew Heaney,Pitcher,0.01,0,1.0%
hendrky01,Kyle Hendricks,Pitcher,0.0,0,0.0%
hestoch01,Chris Heston,Pitcher,0.0,0,0.0%
hillta01,Taylor Hill,Pitcher,0.0,0,0.0%
housetj01,T. J. House,Pitcher,0.0,0,0.0%
jaimeju01,Juan Jaime,Pitcher,0.0,0,0.0%
kahnlto01,Tommy Kahnle,Pitcher,0.0,0,0.0%
kleinph01,Phil Klein,Pitcher,0.0,0,0.0%
knebeco01,Corey Knebel,Pitcher,0.0,0,0.0%
leonedo01,Dominic Leone,Pitcher,0.0,0,0.0%
lobstky01,Kyle Lobstein,Pitcher,0.0,0,0.0%
maldoma01,Martin Maldonado,Pitcher,0.0,0,0.0%
mariomi01,Michael Mariot,Pitcher,0.0,0,0.0%
marshev01,Evan Marshall,Pitcher,0.0,0,0.0%
martich02,Chris Martin,Pitcher,0.0,0,0.0%
martini01,Nick Martinez,Pitcher,0.0,0,0.0%
matzety01,Tyler Matzek,Pitcher,0.01,0,1.0%
maytr01,Trevor May,Pitcher,0.0,0,0.0%
mendero01,Roman Mendez,Pitcher,0.0,0,0.0%
milleju02,Justin Miller,Pitcher,0.0,0,0.0%
mitchbr01,Bryan Mitchell,Pitcher,0.02,0,2.0%
montera01,Rafael Montero,Pitcher,0.0,0,0.0%
morelmi01,Mitch Moreland,Pitcher,0.0,0,0.0%
morinmi01,Mike Morin,Pitcher,0.0,0,0.0%
nerishe01,Hector Neris,Pitcher,0.0,0,0.0%
norrida01,Daniel Norris,Pitcher,0.0,0,0.0%
pattosp01,Spencer Patton,Pitcher,0.0,0,0.0%
pinoyo01,Yohan Pino,Pitcher,0.0,0,0.0%
quackke01,Kevin Quackenbush,Pitcher,0.0,0,0.0%
ramirjo02,Jose Ramirez,Pitcher,0.0,0,0.0%
ramirne01,Neil Ramirez,Pitcher,0.0,0,0.0%
ranauan01,Anthony Ranaudo,Pitcher,0.0,0,0.0%
rasmuro01,Rob Rasmussen,Pitcher,0.07,0,7.000000000000001%
rayro02,Robbie Ray,Pitcher,0.0,0,0.0%
riefecj01,C. J. Riefenhauser,Pitcher,0.0,0,0.0%
roachdo01,Donn Roach,Pitcher,0.0,0,0.0%
rominan01,Andrew Romine,Pitcher,0.0,0,0.0%
rondojo01,Jorge Rondon,Pitcher,0.0,0,0.0%
rosinse01,Seth Rosin,Pitcher,0.0,0,0.0%
rucindr01,Drew Rucinski,Pitcher,0.0,0,0.0%
ryanky01,Kyle Ryan,Pitcher,0.0,0,0.0%
sadleca02,Casey Sadler,Pitcher,0.0,0,0.0%
sanchaa01,Aaron Sanchez,Pitcher,0.0,0,0.0%
schulbo02,Bo Schultz,Pitcher,0.0,0,0.0%
shrevch01,Chasen Shreve,Pitcher,0.01,0,1.0%
smithca02,Carson Smith,Pitcher,0.0,0,0.0%
smithch08,Chad Smith,Pitcher,0.0,0,0.0%
snidetr01,Travis Snider,Pitcher,0.01,0,1.0%
stitema01,Matt Stites,Pitcher,0.0,0,0.0%
strichu01,Hunter Strickland,Pitcher,0.0,0,0.0%
stromma01,Marcus Stroman,Pitcher,0.0,0,0.0%
tanakma01,Masahiro Tanaka,Pitcher,0.01,0,1.0%
thomaia01,Ian Thomas,Pitcher,0.0,0,0.0%
tollest01,Steven Tolleson,Pitcher,0.0,0,0.0%
treinbl01,Blake Treinen,Pitcher,0.0,0,0.0%
tropeni01,Nick Tropeano,Pitcher,0.0,0,0.0%
tuivasa01,Sam Tuivailala,Pitcher,0.0,0,0.0%
verhadr01,Drew VerHagen,Pitcher,0.0,0,0.0%
wadats01,Tsuyoshi Wada,Pitcher,0.0,0,0.0%
westma03,Matt West,Pitcher,0.0,0,0.0%
whitlch01,Chase Whitley,Pitcher,0.0,0,0.0%
yateski01,Kirby Yates,Pitcher,0.0,0,0.0%
alexasc01,Scott Alexander,Pitcher,0.0,0,0.0%
almonmi01,Miguel Almonte,Pitcher,0.0,0,0.0%
amarial01,Alexi Amarista,Pitcher,0.02,0,2.0%
anderco01,Cody Anderson,Pitcher,0.0,0,0.0%
andrima01,Matt Andriese,Pitcher,0.0,0,0.0%
araujel01,Elvis Araujo,Pitcher,0.0,0,0.0%
armstsh01,Shawn Armstrong,Pitcher,0.0,0,0.0%
arojo01,Jonathan Aro,Pitcher,0.0,0,0.0%
asheral01,Alec Asher,Pitcher,0.0,0,0.0%
banuema01,Manny Banuelos,Pitcher,0.0,0,0.0%
barraky01,Kyle Barraclough,Pitcher,0.0,0,0.0%
barriyh01,Yhonathan Barrios,Pitcher,0.0,0,0.0%
beckch02,Chris Beck,Pitcher,0.0,0,0.0%
bellaan01,Andrew Bellatti,Pitcher,0.0,0,0.0%
boydma01,Matt Boyd,Pitcher,0.0,0,0.0%
brachsi01,Silvino Bracho,Pitcher,0.0,0,0.0%
bradlar01,Archie Bradley,Pitcher,0.0,0,0.0%
brighja01,Jake Brigham,Pitcher,0.0,0,0.0%
broadmi01,Mike Broadway,Pitcher,0.0,0,0.0%
burawda01,Danny Burawa,Pitcher,0.0,0,0.0%
burgoen02,Enrique Burgos,Pitcher,0.0,0,0.0%
castran01,Angel Castro,Pitcher,0.0,0,0.0%
castrmi01,Miguel Castro,Pitcher,0.0,0,0.0%
coleaj01,A. J. Cole,Pitcher,0.0,0,0.0%
conlead01,Adam Conley,Pitcher,0.0,0,0.0%
cooneti01,Tim Cooney,Pitcher,0.0,0,0.0%
copelsc01,Scott Copeland,Pitcher,0.0,0,0.0%
cornejo01,John Cornely,Pitcher,0.0,0,0.0%
cothaca01,Caleb Cotham,Pitcher,0.0,0,0.0%
cravyty01,Tyler Cravy,Pitcher,0.0,0,0.0%
cunnibr02,Brandon Cunniff,Pitcher,0.0,0,0.0%
davieza01,Zach Davies,Pitcher,0.0,0,0.0%
davisik02,Ike Davis,Pitcher,0.04,0,4.0%
deckeja01,Jaff Decker,Pitcher,0.0,0,0.0%
delosab01,Abel De Los Santos,Pitcher,0.0,0,0.0%
denorch01,Chris Denorfia,Pitcher,0.0,0,0.0%
depaujo02,Jose De Paula,Pitcher,0.0,0,0.0%
drakeol01,Oliver Drake,Pitcher,0.0,0,0.0%
duffety01,Tyler Duffey,Pitcher,0.0,0,0.0%
dullry01,Ryan Dull,Pitcher,0.0,0,0.0%
edwarca01,Carl Edwards,Pitcher,0.0,0,0.0%
eickhje01,Jerad Eickhoff,Pitcher,0.0,0,0.0%
ellinbr02,Brian Ellington,Pitcher,0.0,0,0.0%
faulkan01,Andrew Faulkner,Pitcher,0.0,0,0.0%
felizmi01,Michael Feliz,Pitcher,0.0,0,0.0%
ferreje01,Jeff Ferrell,Pitcher,0.0,0,0.0%
floreke01,Kendry Flores,Pitcher,0.0,0,0.0%
francje02,Jeff Francoeur,Pitcher,0.02,0,2.0%
frankni01,Nick Franklin,Pitcher,0.0,0,0.0%
garcija03,Jason Garcia,Pitcher,0.0,0,0.0%
gilmase01,Sean Gilmartin,Pitcher,0.0,0,0.0%
givenmy01,Mychal Givens,Pitcher,0.0,0,0.0%
godleza01,Zack Godley,Pitcher,0.0,0,0.0%
goforda01,David Goforth,Pitcher,0.0,0,0.0%
gomesjo01,Jonny Gomes,Pitcher,0.01,0,1.0%
gonzach01,Chi Chi Gonzalez,Pitcher,0.0,0,0.0%
gonzase01,Severino Gonzalez,Pitcher,0.0,0,0.0%
goodyni01,Nick Goody,Pitcher,0.0,0,0.0%
gotttr01,Trevor Gott,Pitcher,0.0,0,0.0%
gracema02,Matt Grace,Pitcher,0.0,0,0.0%
grahajr01,J. R. Graham,Pitcher,0.0,0,0.0%
grayjo02,Jon Gray,Pitcher,0.0,0,0.0%
guaipma01,Mayckol Guaipe,Pitcher,0.0,0,0.0%
guerrde01,Deolis Guerra,Pitcher,0.0,0,0.0%
guerrju02,Junior Guerra,Pitcher,0.0,0,0.0%
gurkaja01,Jason Gurka,Pitcher,0.0,0,0.0%
hallco01,Cody Hall,Pitcher,0.0,0,0.0%
harrimi03,Mitch Harris,Pitcher,0.0,0,0.0%
hatlema01,Marcus Hatley,Pitcher,0.0,0,0.0%
hesslke01,Keith Hessler,Pitcher,0.0,0,0.0%
hinojda01,Dalier Hinojosa,Pitcher,0.0,0,0.0%
housead01,Adrian Houser,Pitcher,0.0,0,0.0%
ibarred01,Edgar Ibarra,Pitcher,0.0,0,0.0%
iglesra01,Raisel Iglesias,Pitcher,0.0,0,0.0%
jacksja01,Jay Jackson,Pitcher,0.0,0,0.0%
jackslu01,Luke Jackson,Pitcher,0.0,0,0.0%
johnsbr02,Brian Johnson,Pitcher,0.0,0,0.0%
jonesga02,Garrett Jones,Pitcher,0.02,0,2.0%
jungmta01,Taylor Jungmann,Pitcher,0.0,0,0.0%
kelake01,Keone Kela,Pitcher,0.0,0,0.0%
kellyry01,Ryan Kelly,Pitcher,0.0,0,0.0%
knudsgu01,Guido Knudson,Pitcher,0.0,0,0.0%
lambjo02,John Lamb,Pitcher,0.0,0,0.0%
larocad01,Adam LaRoche,Pitcher,0.01,0,1.0%
lazora01,Raudel Lazo,Pitcher,0.0,0,0.0%
leathja01,Jack Leathersich,Pitcher,0.0,0,0.0%
leeza01,Zach Lee,Pitcher,0.0,0,0.0%
leonar01,Arnold Leon,Pitcher,0.0,0,0.0%
liberad01,Adam Liberatore,Pitcher,0.0,0,0.0%
lindgja01,Jacob Lindgren,Pitcher,0.0,0,0.0%
lopezjo02,Jorge Lopez,Pitcher,0.0,0,0.0%
lorenmi01,Michael Lorenzen,Pitcher,0.0,0,0.0%
marimsu01,Sugar Ray Marimon,Pitcher,0.0,0,0.0%
marksma01,Matt Marksberry,Pitcher,0.0,0,0.0%
martico01,Cody Martin,Pitcher,0.0,0,0.0%
martira04,Rafael Martin,Pitcher,0.0,0,0.0%
matzst01,Steven Matz,Pitcher,0.0,0,0.0%
mazzoco01,Cory Mazzoni,Pitcher,0.0,0,0.0%
mcculla02,Lance McCullers,Pitcher,0.0,0,0.0%
mcgousc01,Scott McGough,Pitcher,0.0,0,0.0%
mckiran01,Andrew McKirahan,Pitcher,0.0,0,0.0%
meyeral01,Alex Meyer,Pitcher,0.0,0,0.0%
montafr01,Frankie Montas,Pitcher,0.0,0,0.0%
montgmi01,Mike Montgomery,Pitcher,0.0,0,0.0%
moorety01,Tyler Moore,Pitcher,0.0,0,0.0%
morendi01,Diego Moreno,Pitcher,0.0,0,0.0%
morgaad01,Adam Morgan,Pitcher,0.0,0,0.0%
morriak01,Akeel Morris,Pitcher,0.0,0,0.0%
moscojo01,Jon Moscot,Pitcher,0.0,0,0.0%
muratto01,Toru Murata,Pitcher,0.0,0,0.0%
murraco01,Colton Murray,Pitcher,0.0,0,0.0%
nesbian01,Angel Nesbitt,Pitcher,0.0,0,0.0%
nicolju01,Justin Nicolino,Pitcher,0.0,0,0.0%
nolaaa01,Aaron Nola,Pitcher,0.0,0,0.0%
obergsc01,Scott Oberg,Pitcher,0.0,0,0.0%
ogandne01,Nefi Ogando,Pitcher,0.0,0,0.0%
olsonty01,Tyler Olson,Pitcher,0.0,0,0.0%
orourry01,Ryan O'Rourke,Pitcher,0.0,0,0.0%
osichjo01,Josh Osich,Pitcher,0.0,0,0.0%
osunaro01,Roberto Osuna,Pitcher,0.0,0,0.0%
owenshe02,Henry Owens,Pitcher,0.0,0,0.0%
pazosja01,James Pazos,Pitcher,0.0,0,0.0%
penaar01,Ariel Pena,Pitcher,0.0,0,0.0%
perezwi01,Williams Perez,Pitcher,0.0,0,0.0%
pindebr01,Branden Pinder,Pitcher,0.0,0,0.0%
ramiral03,Alexei Ramirez,Pitcher,0.0,0,0.0%
ramirno01,Noe Ramirez,Pitcher,0.0,0,0.0%
ravinjo01,Josh Ravin,Pitcher,0.0,0,0.0%
reaco01,Colin Rea,Pitcher,0.0,0,0.0%
rearich01,Chris Rearick,Pitcher,0.0,0,0.0%
reedch01,Chris Reed,Pitcher,0.0,0,0.0%
riverfe01,Felipe Rivero,Pitcher,0.0,0,0.0%
roberke02,Kenny Roberts,Pitcher,0.0,0,0.0%
robincl01,Clint Robinson,Pitcher,0.03,0,3.0%
robinsh01,Shane Robinson,Pitcher,0.0,0,0.0%
robleha01,Hansel Robles,Pitcher,0.0,0,0.0%
rodonca01,Carlos Rodon,Pitcher,0.0,0,0.0%
rodried05,Eduardo Rodriguez,Pitcher,0.0,0,0.0%
rollida01,David Rollins,Pitcher,0.0,0,0.0%
rosalad01,Adam Rosales,Pitcher,0.0,0,0.0%
rossda01,David Ross,Pitcher,0.0,0,0.0%
rossjo01,Joe Ross,Pitcher,0.0,0,0.0%
rumbeni01,Nick Rumbelow,Pitcher,0.0,0,0.0%
ryanbr01,Brendan Ryan,Pitcher,0.0,0,0.0%
sampske01,Keyvius Sampson,Pitcher,0.0,0,0.0%
schugaj01,A. J. Schugel,Pitcher,0.0,0,0.0%
severlu01,Luis Severino,Pitcher,0.0,0,0.0%
smithjo07,Josh Smith,Pitcher,0.0,0,0.0%
solissa01,Sammy Solis,Pitcher,0.0,0,0.0%
sotogi01,Giovanni Soto,Pitcher,0.0,0,0.0%
sucreje01,Jesus Sucre,Pitcher,0.01,0,1.0%
suzukic01,Ichiro Suzuki,Pitcher,0.03,0,3.0%
syndeno01,Noah Syndergaard,Pitcher,0.0,0,0.0%
teperry01,Ryan Tepera,Pitcher,0.0,0,0.0%
tracyma01,Matt Tracy,Pitcher,0.0,0,0.0%
urenajo01,Jose Urena,Pitcher,0.0,0,0.0%
valdejo03,Jose Valdez,Pitcher,0.0,0,0.0%
velasvi01,Vincent Velasquez,Pitcher,0.0,0,0.0%
vendipa01,Pat Venditte,Pitcher,0.0,0,0.0%
verrelo01,Logan Verrett,Pitcher,0.0,0,0.0%
wagnety01,Tyler Wagner,Pitcher,0.0,0,0.0%
weberry01,Ryan Weber,Pitcher,0.0,0,0.0%
wilsoty01,Tyler Wilson,Pitcher,0.0,0,0.0%
winklda01,Daniel Winkler,Pitcher,0.0,0,0.0%
wislema01,Matt Wisler,Pitcher,0.0,0,0.0%
wojcias01,Asher Wojciechowski,Pitcher,0.0,0,0.0%
wrighmi01,Mike Wright,Pitcher,0.0,0,0.0%
zychto01,Tony Zych,Pitcher,0.0,0,0.0%
abreujo02,Jose Abreu,Batter,0.42183394925757356,N,42.183394925757355%
ackledu01,Dustin Ackley,Batter,0.23658337956504844,N,23.658337956504845%
adamecr01,Cristhian Adames,Batter,0.45180666602543296,N,45.1806666025433%
adamsma01,Matt Adams,Batter,0.35341906466716577,N,35.34190646671658%
adriaeh01,Ehire Adrianza,Batter,0.43788476204786386,N,43.788476204786384%
aguilje01,Jesus Aguilar,Batter,0.4434733326920996,N,44.34733326920996%
ahmedni01,Nick Ahmed,Batter,0.568830862314896,Y,56.8830862314896%
alberha01,Hanser Alberto,Batter,0.5109877419140015,Y,51.09877419140015%
alcanar01,Arismendy Alcantara,Batter,0.4470710974306241,N,44.70710974306241%
almonab01,Abraham Almonte,Batter,0.4804155950382796,N,48.041559503827955%
alonsyo01,Yonder Alonso,Batter,0.2864353233595341,N,28.64353233595341%
altheaa01,Aaron Altherr,Batter,0.4780701909297176,N,47.80701909297176%
altuvjo01,Jose Altuve,Batter,0.1947135142817796,N,19.47135142817796%
alvarda02,Dariel Alvarez,Batter,0.4984327976077356,N,49.84327976077356%
alvarpe01,Pedro Alvarez,Batter,0.22526879637403965,N,22.526879637403965%
anderbr05,Bryan Anderson,Batter,0.4729134144019747,N,47.29134144019747%
andruel01,Elvis Andrus,Batter,0.15432659758017417,N,15.432659758017417%
aokino01,Nori Aoki,Batter,0.2975570287679398,N,29.755702876793983%
arciaos01,Oswaldo Arcia,Batter,0.39376090681657516,N,39.376090681657516%
arenano01,Nolan Arenado,Batter,0.3426015988272716,N,34.26015988272716%
ariasjo01,Joaquin Arias,Batter,0.35966546467808597,N,35.9665464678086%
ascheco01,Cody Asche,Batter,0.35460328078097575,N,35.460328078097575%
ashlene01,Nevin Ashley,Batter,0.5525172457682708,Y,55.25172457682708%
avilaal01,Alex Avila,Batter,0.17877650723692554,N,17.877650723692554%
avilemi01,Mike Aviles,Batter,0.21054131788911953,N,21.054131788911953%
aybarer01,Erick Aybar,Batter,0.0345972051881908,N,3.45972051881908%
baezja01,Javier Baez,Batter,0.4969307465534311,N,49.69307465534311%
bakerje03,Jeff Baker,Batter,0.23171656531480514,N,23.171656531480515%
bandyje01,Jett Bandy,Batter,0.5025237066986447,Y,50.25237066986447%
barmecl01,Clint Barmes,Batter,0.10181971972935006,N,10.181971972935006%
barneau01,Austin Barnes,Batter,0.5118066660254329,Y,51.18066660254329%
barnebr02,Brandon Barnes,Batter,0.3094379662239643,N,30.94379662239643%
barneda01,Darwin Barney,Batter,0.27652346560290725,N,27.652346560290724%
barnhtu01,Tucker Barnhart,Batter,0.4404044307639575,N,44.04044307639575%
baronst01,Steve Baron,Batter,0.5418183210370879,Y,54.18183210370879%
bautijo02,Jose Bautista,Batter,0.0025584669211679446,N,0.25584669211679445%
baxtemi01,Mike Baxter,Batter,0.5488297449737074,Y,54.88297449737074%
beckhgo01,Gordon Beckham,Batter,0.23120798455578614,N,23.120798455578615%
beckhti01,Tim Beckham,Batter,0.48906255086658557,N,48.906255086658554%
beltbr01,Brandon Belt,Batter,0.22701758482822793,N,22.701758482822793%
beltrad01,Adrian Beltre,Batter,0.37,N,37.0%
beltrca01,Carlos Beltran,Batter,0.4611499551799206,N,46.11499551799206%
bernido01,Doug Bernier,Batter,0.441947016902626,N,44.1947016902626%
berryqu01,Quintin Berry,Batter,0.5147368575963842,Y,51.47368575963842%
bethach01,Christian Bethancourt,Batter,0.46273016615642587,N,46.27301661564259%
bettsmo01,Mookie Betts,Batter,0.419749502326251,N,41.974950232625105%
biancje01,Jeff Bianchi,Batter,0.5027640798867644,Y,50.27640798867644%
birdgr01,Greg Bird,Batter,0.44435034312340727,N,44.435034312340726%
blackch02,Charlie Blackmon,Batter,0.26697731895898785,N,26.697731895898784%
blairca01,Carson Blair,Batter,0.4434914486341286,N,44.34914486341286%
blancan01,Andres Blanco,Batter,0.31677839950098,N,31.677839950098%
blancgr01,Gregor Blanco,Batter,0.22580171728793055,N,22.580171728793054%
blankky01,Kyle Blanks,Batter,0.3259010060314897,N,32.59010060314897%
bloomwi01,Willie Bloomquist,Batter,0.2211522039396676,N,22.115220393966762%
boescbr01,Brennan Boesch,Batter,0.24790764154544673,N,24.79076415454467%
bogaexa01,Xander Bogaerts,Batter,0.3657601972836683,N,36.57601972836683%
bonifem01,Emilio Bonifacio,Batter,0.26867476831993164,N,26.867476831993166%
bourgja01,Jason Bourgeois,Batter,0.44004429750836155,N,44.00442975083615%
bourjpe01,Peter Bourjos,Batter,0.30602887531487344,N,30.602887531487344%
bourju01,Justin Bour,Batter,0.4666565548656861,N,46.66565548656861%
bournmi01,Michael Bourn,Batter,0.08578991848717131,N,8.57899184871713%
bradlja02,Jackie Bradley,Batter,0.3914997585798606,N,39.14997585798606%
brantmi02,Michael Brantley,Batter,0.08238520602573621,N,8.23852060257362%
brantro01,Rob Brantly,Batter,0.4704617373542153,N,47.04617373542153%
braunry02,Ryan Braun,Batter,0.33232208967503085,N,33.232208967503084%
brettry01,Ryan Brett,Batter,0.4717480149990399,N,47.17480149990399%
brignre01,Reid Brignac,Batter,0.29205105606546,N,29.205105606546%
britoso01,Socrates Brito,Batter,0.5284719882559645,Y,52.84719882559645%
browndo01,Domonic Brown,Batter,0.24776375665336037,N,24.776375665336037%
browntr01,Trevor Brown,Batter,0.4918053215892978,N,49.18053215892978%
broxtke01,Keon Broxton,Batter,0.531907885691862,Y,53.190788569186196%
bruceja01,Jay Bruce,Batter,0.1841076868983106,N,18.410768689831063%
bryankr01,Kris Bryant,Batter,0.4513128280574157,N,45.13128280574157%
burnsbi02,Billy Burns,Batter,0.44866389692347164,N,44.86638969234716%
burriem01,Emmanuel Burriss,Batter,0.35378986223572595,N,35.378986223572596%
butlebi03,Billy Butler,Batter,0.08341130248702029,N,8.34113024870203%
butlejo04,Joey Butler,Batter,0.4387377640972908,N,43.87377640972908%
buxtoby01,Byron Buxton,Batter,0.4402482820984548,N,44.02482820984548%
byrdma01,Marlon Byrd,Batter,0.012958055276448513,N,1.2958055276448512%
cabreas01,Asdrubal Cabrera,Batter,0.011678725389115923,N,1.1678725389115923%
cabreev01,Everth Cabrera,Batter,0.26970272448532134,N,26.970272448532135%
cabreme01,Melky Cabrera,Batter,0.0024140780474374624,N,0.24140780474374623%
cabremi01,Miguel Cabrera,Batter,0.39,N,39.0%
cabrera01,Ramon Cabrera,Batter,0.4794578461334773,N,47.94578461334773%
cainlo01,Lorenzo Cain,Batter,0.18653300164396117,N,18.653300164396118%
calhoko01,Kole Calhoun,Batter,0.2880626672016634,N,28.80626672016634%
calixor01,Orlando Calixte,Batter,0.530850579101604,Y,53.0850579101604%
callaal01,Alberto Callaspo,Batter,0.027805165430008473,N,2.7805165430008474%
campber01,Eric Campbell,Batter,0.4772586140626487,N,47.72586140626487%
canhama01,Mark Canha,Batter,0.4973495110924845,N,49.73495110924845%
canoro01,Robinson Cano,Batter,0.31338797814207653,N,31.338797814207652%
carpema01,Matt Carpenter,Batter,0.19329711396731994,N,19.329711396731994%
carreez01,Ezequiel Carrera,Batter,0.47757804326877595,N,47.7578043268776%
cartech02,Chris Carter,Batter,0.23880119738357342,N,23.88011973835734%
casalcu01,Curt Casali,Batter,0.3803286731881999,N,38.03286731881999%
casteni01,Nick Castellanos,Batter,0.2854450137959187,N,28.544501379591868%
castiru01,Rusney Castillo,Batter,0.5073016756386616,Y,50.73016756386616%
castiwe01,Welington Castillo,Batter,0.23890216286272153,N,23.890216286272153%
castrda01,Daniel Castro,Batter,0.49691494876512143,N,49.691494876512145%
castrja01,Jason Castro,Batter,0.19707430821211336,N,19.707430821211336%
castrst01,Starlin Castro,Batter,0.15026206514877813,N,15.026206514877813%
cecchga01,Garin Cecchini,Batter,0.4502216992095663,N,45.02216992095663%
cecilda01,Darrell Ceciliani,Batter,0.4935875577068306,N,49.35875577068306%
centeju01,Juan Centeno,Batter,0.5118639726156907,Y,51.18639726156907%
cervefr01,Francisco Cervelli,Batter,0.27647965424808585,N,27.647965424808586%
cespeyo01,Yoenis Cespedes,Batter,0.21491084773882407,N,21.491084773882406%
chiriro01,Robinson Chirinos,Batter,0.42975975825031454,N,42.975975825031455%
chiselo01,Lonnie Chisenhall,Batter,0.24939434652704123,N,24.939434652704122%
choicmi01,Michael Choice,Batter,0.43366200652153325,N,43.366200652153324%
choosh01,Shin-Soo Choo,Batter,0.03308264908189543,N,3.3082649081895426%
ciriape01,Pedro Ciriaco,Batter,0.476478422623827,N,47.6478422623827%
clevest01,Steve Clevenger,Batter,0.5144211812740785,Y,51.44211812740785%
coghlch01,Chris Coghlan,Batter,0.18406598766992185,N,18.406598766992186%
colabch01,Chris Colabello,Batter,0.3511367275107743,N,35.11367275107743%
colemdu01,Dusty Coleman,Batter,0.541842032093057,Y,54.18420320930571%
collity01,Tyler Collins,Batter,0.45860596388277414,N,45.860596388277415%
colonch01,Christian Colon,Batter,0.4968968328230925,N,49.68968328230925%
confomi01,Michael Conforto,Batter,0.43950824708783753,N,43.950824708783756%
congeha01,Hank Conger,Batter,0.2347414669939308,N,23.47414669939308%
corpoca01,Carlos Corporan,Batter,0.2557920146792758,N,25.579201467927582%
correca01,Carlos Correa,Batter,0.5064795806075844,Y,50.647958060758434%
cowarka01,Kaleb Cowart,Batter,0.3834914486341286,N,38.34914486341286%
cowgico01,Collin Cowgill,Batter,0.39712025192671857,N,39.71202519267186%
cozarza01,Zack Cozart,Batter,0.2174308354596084,N,21.74308354596084%
craigal01,Allen Craig,Batter,0.1879888149876424,N,18.79888149876424%
crawfbr01,Brandon Crawford,Batter,0.12473271423325244,N,12.473271423325244%
crawfca02,Carl Crawford,Batter,0.09492499855909634,N,9.492499855909633%
crispco01,Coco Crisp,Batter,0.023562790385303147,N,2.3562790385303147%
croncj01,C. J. Cron,Batter,0.3503191862386927,N,35.03191862386927%
cruzne02,Nelson Cruz,Batter,0.0514704980635111,N,5.14704980635111%
cruzto03,Tony Cruz,Batter,0.406876066445384,N,40.6876066445384%
cunnito01,Todd Cunningham,Batter,0.41400488727299634,N,41.40048872729963%
cuthbch01,Cheslor Cuthbert,Batter,0.5004698346447727,Y,50.046983464477265%
danksjo02,Jordan Danks,Batter,0.4248011169238015,N,42.48011169238015%
darnach01,Chase d'Arnaud,Batter,0.47387308705847964,N,47.387308705847964%
darnatr01,Travis d'Arnaud,Batter,0.31745047445860397,N,31.745047445860397%
daviskh01,Khris Davis,Batter,0.28043517309150245,N,28.043517309150246%
davisra01,Rajai Davis,Batter,0.08687874432483791,N,8.687874432483792%
deazaal01,Alejandro De Aza,Batter,0.14697162977530184,N,14.697162977530184%
deckeco01,Cody Decker,Batter,0.49387619140745825,N,49.38761914074583%
dejesda01,David DeJesus,Batter,0.012379028159943697,N,1.2379028159943697%
dejesiv02,Ivan De Jesus,Batter,0.46152509018072607,N,46.15250901807261%
dendema01,Matt den Dekker,Batter,0.4291081344676612,N,42.91081344676612%
deshide02,Delino DeShields,Batter,0.3979111316566339,N,39.79111316566339%
desmoia01,Ian Desmond,Batter,0.08715848315674057,N,8.715848315674057%
diazel01,Elias Diaz,Batter,0.5529084494719744,Y,55.290844947197435%
diazjo02,Jonathan Diaz,Batter,0.4739840539396629,N,47.39840539396629%
dickeal01,Alex Dickerson,Batter,0.45386453639580326,N,45.386453639580324%
dickeco01,Corey Dickerson,Batter,0.3417919581956923,N,34.17919581956923%
dietrde01,Derek Dietrich,Batter,0.39093305997127376,N,39.09330599712737%
difowi01,Wilmer Difo,Batter,0.49295410105057724,N,49.29541010505773%
dominch01,Chris Dominguez,Batter,0.4505284856711656,N,45.05284856711656%
donaljo02,Josh Donaldson,Batter,0.21877468052025875,N,21.877468052025876%
dornda01,Danny Dorn,Batter,0.4539218429860612,N,45.39218429860612%
doziebr01,Brian Dozier,Batter,0.2301787384053258,N,23.01787384053258%
drewst01,Stephen Drew,Batter,0.011535870189452804,N,1.1535870189452804%
drurybr01,Brandon Drury,Batter,0.4634532015802565,N,46.34532015802565%
dudalu01,Lucas Duda,Batter,0.1365087889271093,N,13.65087889271093%
duffyma01,Matt Duffy,Batter,0.3854436244667059,N,38.54436244667059%
duffyma02,Matt Duffy,Batter,0.4504878308748853,N,45.04878308748853%
duvalad01,Adam Duvall,Batter,0.4306403925321773,N,43.06403925321773%
dykstal01,Allan Dykstra,Batter,0.45386181900449896,N,45.3861819004499%
dysonja01,Jarrod Dyson,Batter,0.28162021197243525,N,28.162021197243526%
easleed01,Ed Easley,Batter,0.49387619140745825,N,49.38761914074583%
eatonad02,Adam Eaton,Batter,0.25756915956289084,N,25.756915956289085%
ellisaj01,A. J. Ellis,Batter,0.12538895422183532,N,12.538895422183533%
ellsbja01,Jacoby Ellsbury,Batter,0.025584214984361236,N,2.5584214984361235%
encared01,Edwin Encarnacion,Batter,0.021427247196730833,N,2.142724719673083%
escobal02,Alcides Escobar,Batter,0.04969608251869186,N,4.969608251869186%
escobed01,Eduardo Escobar,Batter,0.2684125618162432,N,26.841256181624317%
escobyu01,Yunel Escobar,Batter,0.02819696500331997,N,2.819696500331997%
espinda01,Danny Espinosa,Batter,0.1360187062386592,N,13.601870623865919%
ethiean01,Andre Ethier,Batter,0.002040618902052811,N,0.2040618902052811%
feathta01,Taylor Featherston,Batter,0.441516579103594,N,44.1516579103594%
fieldda01,Daniel Fields,Batter,0.4538211642082186,N,45.38211642082186%
fieldpr01,Prince Fielder,Batter,0.14518446328560589,N,14.51844632856059%
fieldth01,Thomas Field,Batter,0.4638437030624699,N,46.38437030624699%
figueco01,Cole Figueroa,Batter,0.48046734370274363,N,48.046734370274365%
flahery01,Ryan Flaherty,Batter,0.2088068078663384,N,20.88068078663384%
florera02,Ramon Flores,Batter,0.5328759611269861,Y,53.28759611269861%
florewi01,Wilmer Flores,Batter,0.27785013528348335,N,27.785013528348333%
floripe01,Pedro Florimon,Batter,0.2926739233830569,N,29.267392338305694%
flowety01,Tyler Flowers,Batter,0.17858733659931544,N,17.858733659931545%
forsylo01,Logan Forsythe,Batter,0.13844985596673973,N,13.844985596673972%
fowlede01,Dexter Fowler,Batter,0.057161410761567985,N,5.716141076156799%
francma02,Maikel Franco,Batter,0.4297635377778945,N,42.97635377778945%
frandke01,Kevin Frandsen,Batter,0.16147455538251157,N,16.147455538251158%
frazito01,Todd Frazier,Batter,0.17147983086044122,N,17.14798308604412%
freemfr01,Freddie Freeman,Batter,0.1495693664467445,N,14.956936644674451%
freesda01,David Freese,Batter,0.14658500653751852,N,14.658500653751853%
fryerer01,Eric Fryer,Batter,0.38144208833725257,N,38.14420883372526%
galero01,Rocky Gale,Batter,0.4838571524398167,N,48.38571524398167%
gallojo01,Joey Gallo,Batter,0.3270927451115851,N,32.70927451115851%
galvifr01,Freddy Galvis,Batter,0.1769152025644932,N,17.69152025644932%
garciad01,Adonis Garcia,Batter,0.4094083226629421,N,40.94083226629421%
garciav01,Avisail Garcia,Batter,0.18627450278125848,N,18.62745027812585%
garcigr01,Greg Garcia,Batter,0.3715797218231413,N,37.15797218231413%
gardnbr01,Brett Gardner,Batter,0.07441478755852189,N,7.441478755852189%
garnedu01,Dustin Garneau,Batter,0.3948300108695395,N,39.48300108695395%
gattiev01,Evan Gattis,Batter,0.24696143732915143,N,24.696143732915143%
gennesc01,Scooter Gennett,Batter,0.19700351622079018,N,19.70035162207902%
giavojo01,Johnny Giavotella,Batter,0.2231487278580734,N,22.314872785807342%
gillaco01,Conor Gillaspie,Batter,0.08765193439319725,N,8.765193439319725%
gilleco01,Cole Gillespie,Batter,0.3516099288333529,N,35.16099288333529%
goinsry01,Ryan Goins,Batter,0.29209066872132267,N,29.209066872132265%
goldspa01,Paul Goldschmidt,Batter,0.2977283408801631,N,29.77283408801631%
gomesya01,Yan Gomes,Batter,0.11488689629452305,N,11.488689629452304%
gomezca01,Carlos Gomez,Batter,0.05325923263022907,N,5.325923263022907%
gomezhe01,Hector Gomez,Batter,0.38497307913803686,N,38.49730791380369%
gonzaad01,Adrian Gonzalez,Batter,0.0646217169806076,N,6.462171698060761%
gonzaca01,Carlos Gonzalez,Batter,0.1564950102176442,N,15.64950102176442%
gonzama01,Marwin Gonzalez,Batter,0.14820182568505447,N,14.820182568505446%
gordoal01,Alex Gordon,Batter,0.015708064708053207,N,1.5708064708053207%
gordode01,Dee Gordon,Batter,0.17513235312862524,N,17.513235312862523%
gorete01,Terrance Gore,Batter,0.4431040313024247,N,44.31040313024247%
gosean01,Anthony Gose,Batter,0.17996649757486655,N,17.996649757486654%
gosewtu01,Tuffy Gosewisch,Batter,0.37484713748274584,N,37.48471374827459%
gosseph01,Philip Gosselin,Batter,0.3716825142624191,N,37.16825142624191%
grandcu01,Curtis Granderson,Batter,0.1278573713125639,N,12.785737131256388%
grandya01,Yasmani Grandal,Batter,0.16676374887837042,N,16.676374887837042%
greengr01,Grant Green,Batter,0.37146957795615987,N,37.14695779561599%
gregodi01,Didi Gregorius,Batter,0.13663998161639446,N,13.663998161639446%
grichra01,Randal Grichuk,Batter,0.3725205705537579,N,37.25205705537579%
grossro01,Robbie Grossman,Batter,0.22499828786101816,N,22.499828786101816%
guerral01,Alex Guerrero,Batter,0.3292832004511325,N,32.92832004511325%
gutiefr01,Franklin Gutierrez,Batter,0.041437184803009466,N,4.143718480300946%
guyerbr01,Brandon Guyer,Batter,0.3312810893766376,N,33.12810893766376%
gyorkje01,Jedd Gyorko,Batter,0.17063708434687438,N,17.063708434687438%
haguema01,Matt Hague,Batter,0.3640066816386881,N,36.40066816386881%
hamilbi02,Billy Hamilton,Batter,0.1837791759849821,N,18.37791759849821%
hamiljo03,Josh Hamilton,Batter,0.10640632651178274,N,10.640632651178274%
hanigry01,Ryan Hanigan,Batter,0.0447066557336144,N,4.47066557336144%
hardyjj01,J. J. Hardy,Batter,0.0011956640417383475,N,0.11956640417383475%
harpebr03,Bryce Harper,Batter,0.2986073567123437,N,29.860735671234366%
hartco01,Corey Hart,Batter,0.011308722551969647,N,1.1308722551969648%
hayesbr01,Brett Hayes,Batter,0.3614695779561599,N,36.14695779561599%
headlch01,Chase Headley,Batter,0.012610084076479592,N,1.2610084076479593%
heathsl01,Slade Heathcott,Batter,0.38382024118260605,N,38.3820241182606%
hechaad01,Adeiny Hechavarria,Batter,0.05791033026847863,N,5.791033026847863%
hedgeau01,Austin Hedges,Batter,0.3514511269706603,N,35.145112697066025%
heisech01,Chris Heisey,Batter,0.10728381358152628,N,10.728381358152628%
hernace02,Cesar Hernandez,Batter,0.31836900776429816,N,31.836900776429815%
hernaen02,Enrique Hernandez,Batter,0.34913375833483756,N,34.913375833483755%
hernago01,Gorkys Hernandez,Batter,0.39493740360746066,N,39.49374036074607%
hernaos01,Oscar Hernandez,Batter,0.4428985888260112,N,44.289858882601116%
herredi01,Dilson Herrera,Batter,0.33494326216668624,N,33.494326216668625%
herreel01,Elian Herrera,Batter,0.22994290322199237,N,22.994290322199237%
herrejo03,Jonathan Herrera,Batter,0.049217442733153316,N,4.921744273315332%
herreod01,Odubel Herrera,Batter,0.3515556357409413,N,35.15556357409413%
herrmch01,Chris Herrmann,Batter,0.3650005687569442,N,36.50005687569442%
heywaja01,Jason Heyward,Batter,0.08210619924677812,N,8.210619924677811%
hicksaa01,Aaron Hicks,Batter,0.18870586134511946,N,18.870586134511946%
hicksjo02,John Hicks,Batter,0.4229102438376662,N,42.29102438376662%
hillaa01,Aaron Hill,Batter,0.011558723459244668,N,1.1558723459244669%
hoeslj01,L. J. Hoes,Batter,0.38486021787975117,N,38.48602178797512%
holadbr01,Bryan Holaday,Batter,0.3516307621666862,N,35.16307621666862%
hollima01,Matt Holliday,Batter,0.18124120849305958,N,18.124120849305957%
holtbr01,Brock Holt,Batter,0.18407767739039468,N,18.407767739039468%
holtty01,Tyler Holt,Batter,0.4038454974281618,N,40.384549742816176%
hosmeer01,Eric Hosmer,Batter,0.13340685269113406,N,13.340685269113406%
howarry01,Ryan Howard,Batter,0.26392299583223705,N,26.392299583223704%
hundlni01,Nick Hundley,Batter,0.01920935108935862,N,1.9209351089358622%
hunteto01,Torii Hunter,Batter,0.34,N,34.0%
iannech01,Chris Iannetta,Batter,0.030168184101134504,N,3.0168184101134505%
iglesjo01,Jose Iglesias,Batter,0.18794347868500563,N,18.794347868500562%
inciaen01,Ender Inciarte,Batter,0.18813077503913628,N,18.81307750391363%
infanom01,Omar Infante,Batter,0.0038793700837818834,N,0.38793700837818834%
ishiktr01,Travis Ishikawa,Batter,0.049351588061231855,N,4.9351588061231855%
jacksau01,Austin Jackson,Batter,0.0301700399746367,N,3.01700399746367%
jacksry02,Ryan Jackson,Batter,0.4138571524398168,N,41.38571524398168%
jankotr01,Travis Jankowski,Batter,0.3614537801678503,N,36.14537801678503%
jasojo01,John Jaso,Batter,0.0663627468622878,N,6.63627468622878%
jayjo02,Jon Jay,Batter,0.056586957860470355,N,5.658695786047035%
jennide01,Desmond Jennings,Batter,0.10669462170773647,N,10.669462170773647%
jimenlu02,Luis Jimenez,Batter,0.379020926652933,N,37.9020926652933%
johnsch05,Chris Johnson,Batter,0.03202887259238862,N,3.2028872592388615%
johnsda06,Dan Johnson,Batter,0.05489176035389754,N,5.489176035389754%
johnske05,Kelly Johnson,Batter,0.0028446105928028494,N,0.2844610592802849%
johnsmi04,Micah Johnson,Batter,0.39055334892510624,N,39.05533489251062%
johnsre02,Reed Johnson,Batter,0.02395562097135076,N,2.395562097135076%
jonesad01,Adam Jones,Batter,0.05238448967281203,N,5.238448967281203%
jonesja06,James Jones,Batter,0.3923777466345294,N,39.23777466345294%
josepca01,Caleb Joseph,Batter,0.2719155946396566,N,27.19155946396566%
joycema01,Matthew Joyce,Batter,0.024354697041745817,N,2.4354697041745816%
kangju01,Jung Ho Kang,Batter,0.3755351954300088,N,37.55351954300088%
kawasmu01,Munenori Kawasaki,Batter,0.2820648262429987,N,28.206482624299873%
kempma01,Matt Kemp,Batter,0.0723084253213817,N,7.230842532138169%
kendrho01,Howie Kendrick,Batter,0.020992452530627453,N,2.0992452530627452%
keplema01,Max Kepler,Batter,0.4429102438376662,N,44.29102438376662%
kiermke01,Kevin Kiermaier,Batter,0.21701320526343867,N,21.701320526343867%
kinslia01,Ian Kinsler,Batter,0.2410876263426174,N,24.10876263426174%
kipnija01,Jason Kipnis,Batter,0.06850203560357727,N,6.850203560357728%
kozmape01,Pete Kozma,Batter,0.24244112687942818,N,24.244112687942817%
kratzer01,Erik Kratz,Batter,0.3106850401359524,N,31.068504013595238%
krausma01,Marc Krauss,Batter,0.3340341712575953,N,33.40341712575953%
kubitky01,Kyle Kubitza,Batter,0.38386633076149507,N,38.38663307614951%
ladenty01,Tyler Ladendorf,Batter,0.44045351306843544,N,44.04535130684354%
lagarju01,Juan Lagares,Batter,0.0981076609884421,N,9.81076609884421%
lairdge01,Gerald Laird,Batter,0.06356380819567868,N,6.356380819567868%
lakeju01,Junior Lake,Batter,0.2890389442183507,N,28.90389442183507%
lamarry01,Ryan LaMarre,Batter,0.4238779857731501,N,42.38779857731501%
lambja01,Jake Lamb,Batter,0.36493211606430725,N,36.49321160643073%
lamboan01,Andrew Lambo,Batter,0.364775421670586,N,36.4775421670586%
lasteto01,Tommy La Stella,Batter,0.3493480062697423,N,34.93480062697423%
lavarry01,Ryan Lavarnway,Batter,0.34403417125759533,N,34.40341712575953%
lawribr01,Brett Lawrie,Batter,0.12447538656176578,N,12.447538656176578%
lemahdj01,DJ LeMahieu,Batter,0.06777438838600061,N,6.7774388386000615%
leonsa01,Sandy Leon,Batter,0.334006681638688,N,33.4006681638688%
lindad01,Adam Lind,Batter,0.011635620591578206,N,1.1635620591578206%
lindofr01,Francisco Lindor,Batter,0.40160961156417274,N,40.16096115641727%
lobatjo01,Jose Lobaton,Batter,0.10911576467128276,N,10.911576467128276%
lolliry01,Ryan Lollis,Batter,0.4628777554926778,N,46.28777554926778%
lombast02,Steve Lombardozzi,Batter,0.2441858637831376,N,24.418586378313762%
loneyja01,James Loney,Batter,0.013100224380651311,N,1.310022438065131%
longoev01,Evan Longoria,Batter,0.1917941026763542,N,19.17941026763542%
loughda01,David Lough,Batter,0.26120882036215737,N,26.120882036215736%
lowrije01,Jed Lowrie,Batter,0.014094580657180444,N,1.4094580657180444%
lucrojo01,Jonathan Lucroy,Batter,0.10509999155250352,N,10.509999155250352%
machadi01,Dixon Machado,Batter,0.3947689975591547,N,39.47689975591547%
machama01,Manny Machado,Batter,0.11258004987173754,N,11.258004987173754%
mahtomi01,Mikie Mahtook,Batter,0.38172137727804817,N,38.17213772780482%
mailelu01,Luke Maile,Batter,0.4138779857731501,N,41.38779857731501%
marisja01,Jake Marisnick,Batter,0.23787237357177543,N,23.787237357177542%
markani01,Nick Markakis,Batter,0.12067884708878235,N,12.067884708878236%
marrede01,Deven Marrero,Batter,0.43386226893405566,N,43.38622689340556%
marteal01,Alfredo Marte,Batter,0.3749730791380369,N,37.49730791380369%
marteje01,Jefry Marte,Batter,0.3614695779561599,N,36.14695779561599%
marteke01,Ketel Marte,Batter,0.3825720751214166,N,38.25720751214166%
martest01,Starling Marte,Batter,0.12208110540432675,N,12.208110540432674%
martijd02,J. D. Martinez,Batter,0.11413831820635531,N,11.413831820635531%
martile01,Leonys Martin,Batter,0.11962171192573307,N,11.962171192573306%
martimi02,Michael Martinez,Batter,0.3538938203804024,N,35.38938203804024%
martiru01,Russell Martin,Batter,0.001845268307441684,N,0.1845268307441684%
martivi01,Victor Martinez,Batter,0.0648582209619431,N,6.48582209619431%
mauerjo01,Joe Mauer,Batter,0.2017452811801608,N,20.17452811801608%
maxweju01,Justin Maxwell,Batter,0.111078972516126,N,11.1078972516126%
maybejo02,John Mayberry,Batter,0.08633035570613369,N,8.63303557061337%
maybica01,Cameron Maybin,Batter,0.05640867650614118,N,5.640867650614118%
mcbrima02,Matt McBride,Batter,0.3449288529447842,N,34.49288529447842%
mccanbr01,Brian McCann,Batter,0.01186599732620555,N,1.186599732620555%
mccanja02,James McCann,Batter,0.3193876335595365,N,31.938763355953647%
mccutan01,Andrew McCutchen,Batter,0.24255633674618557,N,24.255633674618558%
mcgehca01,Casey McGehee,Batter,0.03404690411491632,N,3.4046904114916323%
mckenmi01,Michael McKenry,Batter,0.15698365425414107,N,15.698365425414107%
mercejo03,Jordy Mercer,Batter,0.08699172497866851,N,8.69917249786685%
mesorde01,Devin Mesoraco,Batter,0.09382712113913445,N,9.382712113913446%
middlwi01,Will Middlebrooks,Batter,0.14805162766624924,N,14.805162766624925%
millebr02,Brad Miller,Batter,0.16820476087363326,N,16.820476087363325%
molinya01,Yadier Molina,Batter,0.012259210489659738,N,1.2259210489659738%
moneljo01,Johnny Monell,Batter,0.3938663307614951,N,39.38663307614951%
monteje01,Jesus Montero,Batter,0.15174233580135282,N,15.174233580135283%
montemi01,Miguel Montero,Batter,0.012895880506488544,N,1.2895880506488544%
mooread01,Adam Moore,Batter,0.32492885294478424,N,32.49288529447843%
moralke01,Kendrys Morales,Batter,0.022983908565829228,N,2.2983908565829227%
morelbr01,Brent Morel,Batter,0.28368610340017353,N,28.36861034001735%
morneju01,Justin Morneau,Batter,0.011523820881878328,N,1.1523820881878328%
morrilo01,Logan Morrison,Batter,0.05555554103643666,N,5.555554103643666%
morsemi01,Mike Morse,Batter,0.07439369285943216,N,7.439369285943216%
mossbr01,Brandon Moss,Batter,0.027507835569884332,N,2.7507835569884334%
moustmi01,Mike Moustakas,Batter,0.10895637270088039,N,10.89563727008804%
moyast01,Steven Moya,Batter,0.42289858882601117,N,42.289858882601116%
muncyma01,Max Muncy,Batter,0.350501836020676,N,35.050183602067605%
munoda01,Daniel Muno,Batter,0.37392363735175294,N,37.392363735175294%
murphda08,Daniel Murphy,Batter,0.05330984705508761,N,5.330984705508761%
murphjr01,J. R. Murphy,Batter,0.32898485679496814,N,32.898485679496815%
murphto04,Tom Murphy,Batter,0.41382076013210733,N,41.382076013210735%
myerswi01,Wil Myers,Batter,0.14957135458549245,N,14.957135458549246%
napolmi01,Mike Napoli,Batter,0.01339528402201128,N,1.339528402201128%
navada01,Daniel Nava,Batter,0.09736636737779443,N,9.736636737779444%
navardi01,Dioner Navarro,Batter,0.04991097691243284,N,4.991097691243284%
navaref01,Efren Navarro,Batter,0.364789830892488,N,36.4789830892488%
navarre01,Rey Navarro,Batter,0.41048690784927266,N,41.04869078492727%
negrokr01,Kristopher Negron,Batter,0.3416099288333529,N,34.16099288333529%
nieuwki01,Kirk Nieuwenhuis,Batter,0.2204301870454305,N,22.043018704543048%
nievewi01,Wil Nieves,Batter,0.018738161776057687,N,1.8738161776057687%
noelri01,Rico Noel,Batter,0.4504687919072437,N,45.04687919072437%
noonani01,Nick Noonan,Batter,0.36385990665006374,N,36.385990665006375%
norride01,Derek Norris,Batter,0.0901635854532809,N,9.01635854532809%
nunezed02,Eduardo Nunez,Batter,0.10885965590391798,N,10.885965590391798%
obriepe04,Peter O'Brien,Batter,0.4129111502735151,N,41.29111502735151%
odorro01,Rougned Odor,Batter,0.2448249001689476,N,24.482490016894758%
olivehe01,Hector Olivera,Batter,0.3416097560450433,N,34.16097560450433%
oltmi01,Mike Olt,Batter,0.33326079771170997,N,33.326079771170996%
omallsh01,Shawn O'Malley,Batter,0.3537868464017687,N,35.37868464017687%
orlanpa01,Paulo Orlando,Batter,0.3986094266129328,N,39.86094266129328%
ortizda01,David Ortiz,Batter,0.43,N,43.0%
owingch01,Chris Owings,Batter,0.186465284224289,N,18.6465284224289%
ozunama01,Marcell Ozuna,Batter,0.1781900539212101,N,17.81900539212101%
pachejo01,Jordan Pacheco,Batter,0.08853826875728502,N,8.853826875728501%
paganan01,Angel Pagan,Batter,0.003444168019318148,N,0.3444168019318148%
panikjo01,Joe Panik,Batter,0.29626048138025385,N,29.626048138025386%
paredji01,Jimmy Paredes,Batter,0.16134102635928763,N,16.134102635928762%
parkeja03,Jarrett Parker,Batter,0.3248181901283015,N,32.48181901283015%
parkeky01,Kyle Parker,Batter,0.3667885020675912,N,36.67885020675912%
parmech01,Chris Parmelee,Batter,0.1380767278472147,N,13.80767278472147%
parrage01,Gerardo Parra,Batter,0.0036531528720776356,N,0.3653152872077636%
parrian01,Andy Parrino,Batter,0.3039858483053547,N,30.39858483053547%
paulsbe01,Ben Paulsen,Batter,0.35957241625256514,N,35.957241625256515%
pearcst01,Steve Pearce,Batter,0.05453675481968436,N,5.453675481968436%
pederjo01,Joc Pederson,Batter,0.3134370084113074,N,31.34370084113074%
pedrodu01,Dustin Pedroia,Batter,0.08178813179631542,N,8.178813179631542%
pegueca01,Carlos Peguero,Batter,0.3106949793650363,N,31.06949793650363%
penabr01,Brayan Pena,Batter,0.06215665722996441,N,6.215665722996441%
penafr01,Francisco Pena,Batter,0.4038779857731501,N,40.38779857731501%
pencehu01,Hunter Pence,Batter,0.03282326113759134,N,3.282326113759134%
pennicl01,Cliff Pennington,Batter,0.03665191211993518,N,3.665191211993518%
peralda01,David Peralta,Batter,0.2709807444949812,N,27.09807444949812%
peraljh01,Jhonny Peralta,Batter,0.03332049339736989,N,3.332049339736989%
perazjo01,Jose Peraza,Batter,0.43878684640176874,N,43.87868464017687%
perezca02,Carlos Perez,Batter,0.33422345318085894,N,33.422345318085895%
perezeu01,Eury Perez,Batter,0.35989493921444565,N,35.98949392144456%
perezhe01,Hernan Perez,Batter,0.369777548221831,N,36.9777548221831%
perezju02,Juan Perez,Batter,0.3399093484363476,N,33.99093484363476%
perezro02,Roberto Perez,Batter,0.313200837924262,N,31.3200837924262%
perezsa02,Salvador Perez,Batter,0.10031135130343032,N,10.031135130343031%
peterja01,Jace Peterson,Batter,0.2875307993062492,N,28.75307993062492%
petersh01,Shane Peterson,Batter,0.31396233083052666,N,31.396233083052667%
petitgr01,Gregorio Petit,Batter,0.3266541550266055,N,32.66541550266055%
phamth01,Tommy Pham,Batter,0.3564934074576446,N,35.649340745764455%
phegljo01,Josh Phegley,Batter,0.30335831175373196,N,30.335831175373194%
phillbr01,Brandon Phillips,Batter,0.0011308865181879873,N,0.11308865181879874%
pierzaj01,A. J. Pierzynski,Batter,0.13814364365111065,N,13.814364365111064%
pillake01,Kevin Pillar,Batter,0.2650728020498493,N,26.50728020498493%
pireljo01,Jose Pirela,Batter,0.33645649755915463,N,33.645649755915464%
piscost01,Stephen Piscotty,Batter,0.36472839666296236,N,36.47283966629624%
plaweke01,Kevin Plawecki,Batter,0.3067600744543223,N,30.67600744543223%
plouftr01,Trevor Plouffe,Batter,0.11307291405426387,N,11.307291405426387%
polangr01,Gregory Polanco,Batter,0.22586215356840728,N,22.58621535684073%
polanjo01,Jorge Polanco,Batter,0.3755469318308349,N,37.55469318308349%
polloaj01,A. J. Pollock,Batter,0.1260142064553591,N,12.60142064553591%
pompeda01,Dalton Pompey,Batter,0.31666723542361075,N,31.666723542361076%
poseybu01,Buster Posey,Batter,0.1337433812310422,N,13.37433812310422%
pradoma01,Martin Prado,Batter,0.002961605856096311,N,0.2961605856096311%
preslal01,Alex Presley,Batter,0.11585990430639019,N,11.585990430639018%
pridija01,Jason Pridie,Batter,0.3264664367882386,N,32.646643678823864%
puigya01,Yasiel Puig,Batter,0.17816309998018157,N,17.816309998018156%
pujolal01,Albert Pujols,Batter,0.54,Y,54.0%
ramirar01,Aramis Ramirez,Batter,0.30072534292464476,N,30.072534292464475%
ramirha01,Hanley Ramirez,Batter,0.06439627834178893,N,6.439627834178893%
ramirjo01,Jose Ramirez,Batter,0.29871953148387376,N,29.871953148387377%
ramoswi01,Wilson Ramos,Batter,0.06646281734092048,N,6.646281734092048%
rasmuco01,Colby Rasmus,Batter,0.044327385366801385,N,4.432738536680138%
realmjt01,J. T. Realmuto,Batter,0.38454920225805256,N,38.45492022580525%
reddijo01,Josh Reddick,Batter,0.06332030168612636,N,6.332030168612636%
reedmi02,Michael Reed,Batter,0.4254687919072437,N,42.54687919072437%
refsnro01,Rob Refsnyder,Batter,0.39654199059691647,N,39.65419905969165%
reimono01,Nolan Reimold,Batter,0.06718189705154484,N,6.718189705154484%
rendoan01,Anthony Rendon,Batter,0.127582348298548,N,12.7582348298548%
reverbe01,Ben Revere,Batter,0.12017942953367798,N,12.017942953367799%
reyesjo01,Jose Reyes,Batter,0.07455364424618821,N,7.455364424618821%
reynoma01,Mark Reynolds,Batter,0.11864764673069146,N,11.864764673069146%
riosal01,Alex Rios,Batter,0.043384154348584426,N,4.338415434858443%
riverre01,Rene Rivera,Batter,0.1257106610030212,N,12.571066100302119%
riverya01,Yadiel Rivera,Batter,0.4475190401339625,N,44.75190401339625%
rizzoan01,Anthony Rizzo,Batter,0.08734588467914754,N,8.734588467914755%
roberda09,Dan Robertson,Batter,0.3469347393609259,N,34.69347393609259%
rodrial01,Alex Rodriguez,Batter,0.52,Y,52.0%
rodrise01,Sean Rodriguez,Batter,0.049520284899532384,N,4.952028489953238%
rogerja02,Jason Rogers,Batter,0.3328457463926999,N,33.28457463926999%
rojasmi02,Miguel Rojas,Batter,0.30705709400800624,N,30.705709400800625%
rolliji01,Jimmy Rollins,Batter,0.4400546448087432,N,44.005464480874316%
romakja01,Jamie Romak,Batter,0.3684959603911247,N,36.84959603911247%
romerst01,Stefen Romero,Batter,0.3295871368105609,N,32.95871368105609%
rominau01,Austin Romine,Batter,0.32940505130021563,N,32.94050513002156%
rosared01,Eddie Rosario,Batter,0.30301259061779107,N,30.301259061779106%
rosarwi01,Wilin Rosario,Batter,0.08463323279685421,N,8.46332327968542%
ruary01,Ryan Rua,Batter,0.3037395584629825,N,30.37395584629825%
rufda01,Darin Ruf,Batter,0.15645570792039312,N,15.645570792039312%
ruggiju01,Justin Ruggiano,Batter,0.07635273099750264,N,7.635273099750265%
ruizca01,Carlos Ruiz,Batter,0.01223520943844706,N,1.223520943844706%
ruppca01,Cameron Rupp,Batter,0.28283046755389163,N,28.28304675538916%
russead02,Addison Russell,Batter,0.30163660087470334,N,30.163660087470333%
rutlejo01,Josh Rutledge,Batter,0.12448137743176471,N,12.44813774317647%
saladty01,Tyler Saladino,Batter,0.3640092355067994,N,36.40092355067994%
saltaja01,Jarrod Saltalamacchia,Batter,0.043726463200520115,N,4.372646320052011%
sanchca01,Carlos Sanchez,Batter,0.3005255913527905,N,30.05255913527905%
sanchga02,Gary Sanchez,Batter,0.45861725139130266,N,45.861725139130264%
sanchhe01,Hector Sanchez,Batter,0.1680659878539153,N,16.80659878539153%
sanchto01,Tony Sanchez,Batter,0.26623955846298253,N,26.62395584629825%
sandopa01,Pablo Sandoval,Batter,0.05134651143656465,N,5.134651143656465%
sandsje01,Jerry Sands,Batter,0.2653304675538916,N,26.53304675538916%
sanomi01,Miguel Sano,Batter,0.3115677129708912,N,31.15677129708912%
santaca01,Carlos Santana,Batter,0.05378353443812255,N,5.378353443812255%
santada01,Danny Santana,Batter,0.16182792809002067,N,16.182792809002066%
santado01,Domingo Santana,Batter,0.22534471256813662,N,22.534471256813664%
sardilu01,Luis Sardinas,Batter,0.20862988715688632,N,20.862988715688633%
saundmi01,Michael Saunders,Batter,0.05672485244790519,N,5.672485244790519%
schafjo02,Jordan Schafer,Batter,0.04851798838954432,N,4.851798838954432%
schaflo01,Logan Schafer,Batter,0.19560268972728706,N,19.560268972728707%
schebsc01,Scott Schebler,Batter,0.28420796551931277,N,28.420796551931275%
schoojo01,Jonathan Schoop,Batter,0.19889052331577348,N,19.889052331577346%
schwaky01,Kyle Schwarber,Batter,0.2879434408440901,N,28.794344084409012%
scrugxa01,Xavier Scruggs,Batter,0.23954540217740855,N,23.954540217740856%
seageco01,Corey Seager,Batter,0.19962109137571077,N,19.962109137571076%
seageky01,Kyle Seager,Batter,0.04908485938479941,N,4.908485938479941%
segurje01,Jean Segura,Batter,0.0383561057321758,N,3.83561057321758%
semiema01,Marcus Semien,Batter,0.13319041188360156,N,13.319041188360156%
severpe01,Pedro Severino,Batter,0.3251612826216562,N,32.51612826216562%
shaffri01,Richie Shaffer,Batter,0.2062395584629825,N,20.62395584629825%
shawtr01,Travis Shaw,Batter,0.25795871968289835,N,25.795871968289834%
shuckja01,J. B. Shuck,Batter,0.10346501770473755,N,10.346501770473756%
simmoan01,Andrelton Simmons,Batter,0.03933810409799796,N,3.933810409799796%
singljo02,Jon Singleton,Batter,0.2186627243964484,N,21.866272439644842%
sizemgr01,Grady Sizemore,Batter,0.07896751852715046,N,7.896751852715046%
smithse01,Seth Smith,Batter,0.03113658911185802,N,3.113658911185802%
smoakju01,Justin Smoak,Batter,0.04285154601482584,N,4.285154601482584%
smolija01,Jake Smolinski,Batter,0.2087538034772275,N,20.87538034772275%
sogarer01,Eric Sogard,Batter,0.0527491531974513,N,5.27491531974513%
solando01,Donovan Solano,Batter,0.0686765761416426,N,6.86765761416426%
solanjh01,Jhonatan Solano,Batter,0.24192067630021558,N,24.19206763002156%
solarya01,Yangervis Solarte,Batter,0.07729078292140852,N,7.729078292140852%
solerjo01,Jorge Soler,Batter,0.2139281083569243,N,21.39281083569243%
sotoge01,Geovany Soto,Batter,0.020872623266009693,N,2.0872623266009693%
souzast01,Steven Souza,Batter,0.1546983522049093,N,15.46983522049093%
spande01,Denard Span,Batter,0.010364877787287048,N,1.0364877787287048%
spangco01,Cory Spangenberg,Batter,0.16120958296923601,N,16.1209582969236%
springe01,George Springer,Batter,0.10258044299703187,N,10.258044299703187%
stanlco01,Cody Stanley,Batter,0.2009317548702066,N,20.09317548702066%
stantmi03,Giancarlo Stanton,Batter,0.21793284902944723,N,21.793284902944723%
stassma01,Max Stassi,Batter,0.19102551979379784,N,19.102551979379783%
stewach01,Chris Stewart,Batter,0.035387935970957594,N,3.5387935970957596%
straury01,Ryan Strausborger,Batter,0.21002550106433646,N,21.002550106433645%
stubbdr01,Drew Stubbs,Batter,0.02710178711279167,N,2.710178711279167%
suareeu01,Eugenio Suarez,Batter,0.11559083211892489,N,11.559083211892489%
susacan01,Andrew Susac,Batter,0.1711380706014186,N,17.113807060141863%
suzukku01,Kurt Suzuki,Batter,0.0012296439241417886,N,0.12296439241417886%
sweenda02,Darnell Sweeney,Batter,0.17102210557389688,N,17.10221055738969%
swihabl01,Blake Swihart,Batter,0.21312934775888923,N,21.312934775888923%
szczuma01,Matt Szczur,Batter,0.17102210557389688,N,17.10221055738969%
tabatjo01,Jose Tabata,Batter,0.017889974862296223,N,1.7889974862296223%
tartatr01,Travis Tartamella,Batter,0.19095258820353994,N,19.095258820353994%
tayloch03,Chris Taylor,Batter,0.19114937605408452,N,19.114937605408453%
taylomi02,Michael Taylor,Batter,0.18389628313543693,N,18.389628313543692%
teagata01,Taylor Teagarden,Batter,0.15108935207252233,N,15.108935207252234%
teixema01,Mark Teixeira,Batter,0.15009732360097325,N,15.009732360097324%
tejadru01,Ruben Tejada,Batter,0.014749336160322264,N,1.4749336160322264%
telisto01,Tomas Telis,Batter,0.16016856933283377,N,16.01685693328338%
terdojo01,Joey Terdoslavich,Batter,0.1609946159549896,N,16.09946159549896%
tholejo01,Josh Thole,Batter,0.02565356289071021,N,2.5653562890710213%
thomptr01,Trayce Thompson,Batter,0.16116190010290324,N,16.116190010290325%
tomasya01,Yasmany Tomas,Batter,0.2325757094155715,N,23.25757094155715%
tomlike01,Kelby Tomlinson,Batter,0.19122670592151303,N,19.1226705921513%
torrero01,Ronald Torreyes,Batter,0.2009317548702066,N,20.09317548702066%
travide01,Devon Travis,Batter,0.1935795558359926,N,19.35795558359926%
troutmi01,Mike Trout,Batter,0.3161910994410994,N,31.61910994410994%
trumbma01,Mark Trumbo,Batter,0.01794491830288652,N,1.794491830288652%
tuckepr01,Preston Tucker,Batter,0.21347538004507982,N,21.34753800450798%
tulowtr01,Troy Tulowitzki,Batter,0.008442845611406962,N,0.8442845611406963%
turneju01,Justin Turner,Batter,0.031457170521434305,N,3.1457170521434303%
turnetr01,Trea Turner,Batter,0.23093459197342736,N,23.093459197342735%
ugglada01,Dan Uggla,Batter,0.013789448522939089,N,1.378944852293909%
uptonbj01,Melvin Upton,Batter,0.0008390316295773947,N,0.08390316295773947%
uptonju01,Justin Upton,Batter,0.061254648043737835,N,6.125464804373784%
uribeju01,Juan Uribe,Batter,0.012584928249432154,N,1.2584928249432155%
urruthe01,Henry Urrutia,Batter,0.19102430401569984,N,19.102430401569983%
urshegi01,Giovanny Urshela,Batter,0.2014921561054545,N,20.14921561054545%
utleych01,Chase Utley,Batter,0.06397836469459334,N,6.3978364694593335%
valbulu01,Luis Valbuena,Batter,0.012242226110647472,N,1.2242226110647472%
valdejo02,Jordany Valdespin,Batter,0.17279461220442002,N,17.279461220442002%
valenda01,Danny Valencia,Batter,0.02111641042375818,N,2.111641042375818%
vanslsc01,Scott Van Slyke,Batter,0.07148734597405909,N,7.148734597405909%
vargake01,Kennys Vargas,Batter,0.15061952481971497,N,15.061952481971497%
venabwi01,Will Venable,Batter,0.015731662604019484,N,1.5731662604019485%
victosh01,Shane Victorino,Batter,0.0035755850637776395,N,0.35755850637776393%
villajo01,Jonathan Villar,Batter,0.10573626894871081,N,10.573626894871081%
vogtst01,Stephen Vogt,Batter,0.062403664177473984,N,6.240366417747398%
vottojo01,Joey Votto,Batter,0.18663424316001426,N,18.663424316001425%
waldrky02,Kyle Waldrop,Batter,0.27653954993205954,N,27.653954993205954%
walkech02,Christian Walker,Batter,0.20093730936473173,N,20.09373093647317%
walkene01,Neil Walker,Batter,0.008603414284911914,N,0.8603414284911913%
wallabr01,Brett Wallace,Batter,0.05266625488686861,N,5.266625488686861%
walteza01,Zach Walters,Batter,0.140950389761737,N,14.095038976173699%
weeksje01,Jemile Weeks,Batter,0.05491448054693951,N,5.491448054693951%
weeksri01,Rickie Weeks,Batter,0.02022424796989123,N,2.022424796989123%
werthja01,Jayson Werth,Batter,0.018101457861808157,N,1.8101457861808157%
wietema01,Matt Wieters,Batter,0.01806707017169346,N,1.806707017169346%
willija01,Jackson Williams,Batter,0.1909946159549896,N,19.09946159549896%
willima07,Mason Williams,Batter,0.22094987081223558,N,22.094987081223557%
willima08,Mac Williamson,Batter,0.20002821845564078,N,20.00282184556408%
wilsobo02,Bobby Wilson,Batter,0.15109074063892997,N,15.109074063892997%
wongko01,Kolten Wong,Batter,0.045641225439434725,N,4.564122543943473%
wrighda03,David Wright,Batter,0.07029482555257355,N,7.0294825552573545%
yelicch01,Christian Yelich,Batter,0.04286183147751282,N,4.286183147751282%
ynoara01,Rafael Ynoa,Batter,0.14094616409210864,N,14.094616409210865%
youngch04,Chris Young,Batter,0.011275244262263735,N,1.1275244262263735%
youngde03,Delmon Young,Batter,0.02836906228570111,N,2.8369062285701108%
younger03,Eric Young,Batter,0.029144340567789313,N,2.9144340567789313%
zimmery01,Ryan Zimmerman,Batter,0.038675784601150724,N,3.8675784601150722%
zobribe01,Ben Zobrist,Batter,0.011148914791485434,N,1.1148914791485434%
zuninmi01,Mike Zunino,Batter,0.06443962266339959,N,6.443962266339959%
